NO,NAME,POS,SCHOOL,PLAY_TIME,TACKLES,TOUCHDOWNS,FIELD GOALS,SCHOOLID,DEPTH_CHART
1,Janarion Grant,WR,Rutgers,100,0,5,0,159003088,Starter
2,Kiy Hester,DB,Rutgers,79,153,0,0,153001630,Starter
2,Ahmir Mitchell,WR,Rutgers,68,0,2,0,151001347,Starter
3,Olakunle Fatukasi,LB,Rutgers,6,14,0,0,159001224,Backup
3,Jawuan Harris,WR,Rutgers,4,0,0,0,155008023,Backup
4,Tre Avery,DB,Rutgers,20,42,0,0,153002541,Backup
4,Trey Sneed,RB,Rutgers,9,14,2,0,156009656,Backup
5,Damon Mitchell,WR,Rutgers,60,0,0,0,150006159,Starter
6,Mohamed Jabbie,WR,Rutgers,14,0,0,0,155007288,Backup
6,Deonte Roberts,LB,Rutgers,78,197,0,0,159009779,Starter
7,Elorm Lumor,DL,Rutgers,14,14,0,0,157003194,Backup
7,Robert Martin,RB,Rutgers,8,13,1,0,153001062,Backup
8,Tyshon Fogg,LB,Rutgers,5,12,0,0,151004741,Backup
8,Josh Hicks,RB,Rutgers,13,22,4,0,153008618,Backup
9,Kyle Bolin,QB,Rutgers,57,22,4,0,159003468,Starter
9,Saquan Hampton,DB,Rutgers,2,5,0,0,159004442,Backup
10,Blessuan Austin,DB,Rutgers,16,33,0,0,154007817,Backup
11,Johnathan Lewis,QB,Rutgers,14,3,2,0,150004746,Backup
11,Isaiah Wharton,DB,Rutgers,52,127,0,0,159001744,Starter
12,Zach Allen,QB,Rutgers,1,0,0,0,158003110,Backup
12,Nadir Barnwell,DB,Rutgers,11,22,0,0,151006350,Backup
12,Myles Nash,TE,Rutgers,0,0,0,0,154003399,Backup
13,Gus Edwards,RB,Rutgers,66,122,20,0,153004436,Starter
14,Rob Nittolo,QB,Rutgers,18,11,3,0,153002431,Backup
14,Everett Wormley,WR,Rutgers,10,0,0,0,158000656,Backup
15,Shameen Jones,WR,Rutgers,1,0,0,0,150004163,Backup
15,Trevor Morris,LB,Rutgers,99,189,0,0,156000446,Starter
16,Jelani Garvin,DB,Rutgers,1,2,0,0,152007640,Backup
16,Tommy Wyatt,WR,Rutgers,11,0,0,0,156006221,Backup
17,K.J. Gray,DB,Rutgers,50,97,0,0,155007801,Starter
17,Giovanni Rescigno,QB,Rutgers,14,8,1,0,150006731,Backup
18,Bo Melton,WR,Rutgers,95,0,3,0,150009170,Starter
19,Tom Flacco,QB,Rutgers,7,1,0,0,152006570,Backup
20,Elijah Barnwell,RB,Rutgers,6,11,1,0,151008703,Backup
21,Ross Douglas,LB,Rutgers,83,206,0,0,152007192,Starter
22,Damon Hayes,DB,Rutgers,74,162,0,0,158003841,Starter
23,Dacoven Bailey,WR,Rutgers,15,0,0,0,157001549,Backup
24,Naijee Jones,DB,Rutgers,20,46,0,0,154007249,Backup
24,Charles Snorweah,RB,Rutgers,11,16,3,0,155004037,Backup
25,Raheem Blackshear,RB,Rutgers,8,13,2,0,154008312,Backup
25,Syhiem Simmons,LB,Rutgers,3,6,0,0,156004816,Backup
26,CJ Onyechi,LB,Rutgers,6,12,0,0,150009209,Backup
27,McDerby Ceneus,RB,Rutgers,11,21,3,0,154001632,Backup
27,Kobe Marfo,DB,Rutgers,19,43,0,0,159006592,Backup
28,Aslan Pugh,RB,Rutgers,3,5,0,0,159001257,Backup
29,Lawrence Stevens,DB,Rutgers,14,33,0,0,154005329,Backup
31,Edwin Lopez,DB,Rutgers,15,30,0,0,154004301,Backup
32,Rani Abdulaziz,DB,Rutgers,7,17,0,0,155002683,Backup
33,Tim Barrow,DB,Rutgers,13,24,0,0,153001576,Backup
34,Parker Day,DB,Rutgers,0,0,0,0,154005870,Backup
34,Solomon Manning,FB,Rutgers,11,26,2,0,154007718,Backup
35,Eric Margolis,LB,Rutgers,19,44,0,0,154002262,Backup
36,T.J. Taylor,LB,Rutgers,9,19,0,0,151002684,Backup
37,Zane Campbell,DB,Rutgers,86,183,0,0,153002659,Starter
38,Nyhsere Woodson,WR,Rutgers,12,0,0,0,150009399,Backup
40,Brendan DeVera,RB,Rutgers,13,21,2,0,152005839,Backup
44,Max Anthony,RB,Rutgers,7,12,1,0,153009192,Backup
44,Tyreek Maddox-Williams,LB,Rutgers,15,26,0,0,156008646,Backup
45,Jim Brady,RB,Rutgers,5,9,1,0,151002569,Backup
46,Davante McDuffie,DB,Rutgers,5,8,0,0,159009126,Backup
47,Bill Taylor,LS,Rutgers,98,0,0,0,155004969,Starter
49,Brandon Russell,LB,Rutgers,13,32,0,0,150006966,Backup
50,Owen Bowles,OL,Rutgers,0,0,0,0,159007124,Backup
50,Julius Turner,DL,Rutgers,20,28,0,0,156006597,Backup
51,Jamaal Beaty,OL,Rutgers,6,10,0,0,150000348,Backup
51,Sebastian Joseph,DL,Rutgers,97,129,0,0,152004675,Starter
53,Brendan Bordner,DL,Rutgers,15,19,0,0,153003167,Backup
54,Kamaal Seymour,OL,Rutgers,50,105,0,0,156008776,Starter
55,Michael Maietti,OL,Rutgers,86,158,7,0,150008899,Starter
55,Austin Rosa,LB,Rutgers,2,4,0,0,157006344,Backup
56,Rashawn Battle,LB,Rutgers,11,26,0,0,150000554,Backup
56,Micah Clark,OL,Rutgers,17,37,0,0,150002584,Backup
57,Jaohne Duggan,DL,Rutgers,6,5,0,0,150003308,Backup
57,Zach Miseo,OL,Rutgers,18,38,0,0,153005406,Backup
58,Kemoko Turay,DL,Rutgers,76,92,0,0,158003905,Starter
58,Charles Zarzecki,OL,Rutgers,7,15,0,0,151004605,Backup
59,Darnell Davis,DL,Rutgers,10,12,0,0,156002375,Backup
60,Dorian Miller,OL,Rutgers,52,106,1,0,153000270,Starter
61,Mike Lonsdorf,OL,Rutgers,13,29,0,0,154001565,Backup
62,Matthew Sportelli,LS,Rutgers,7,0,0,0,151009523,Backup
63,Jim Onulak,OL,Rutgers,2,3,0,0,154005228,Backup
64,Skiy Pyrame,OL,Rutgers,3,5,0,0,153008745,Backup
65,Tariq Cole,OL,Rutgers,62,137,4,0,157000190,Starter
66,Nick Krimin,OL,Rutgers,8,13,0,0,153006599,Backup
71,Marcus Applefield,OL,Rutgers,97,206,0,0,150007272,Starter
72,Manny Taylor,OL,Rutgers,12,26,0,0,154000980,Backup
73,Jonah Jackson,OL,Rutgers,0,0,0,0,155005667,Backup
74,Sam Howson,OL,Rutgers,5,10,0,0,158009591,Backup
75,Zach Venesky,OL,Rutgers,9,19,0,0,158004577,Backup
77,Sam Vretman,OL,Rutgers,7,15,0,0,152008901,Backup
79,Zack Heeman,OL,Rutgers,9,19,0,0,154007538,Backup
80,Nixon Provillon,WR,Rutgers,19,0,0,0,151000431,Backup
81,Tyler Hayek,WR,Rutgers,4,0,0,0,150003904,Backup
82,Hunter Hayek,WR,Rutgers,6,0,0,0,157003311,Backup
83,Rashad Blunt,WR,Rutgers,18,0,0,0,156007006,Backup
84,Cole Murphy,WR,Rutgers,20,0,3,0,153005481,Backup
85,Alan Lucy,LS,Rutgers,14,0,0,0,152003624,Backup
86,Nakia Griffin-Stewart,TE,Rutgers,7,8,0,0,153008511,Backup
87,Prince Taylor,WR,Rutgers,20,0,2,0,152005745,Backup
88,Jerome Washington,TE,Rutgers,78,65,0,0,156008079,Starter
89,Travis Vokolek,TE,Rutgers,1,0,0,0,157001552,Backup
91,Tijaun Mason,DL,Rutgers,14,16,0,0,159005020,Backup
92,Eric Wiafe,DL,Rutgers,6,8,0,0,155005628,Backup
93,Jason Griggs,DL,Rutgers,5,6,0,0,151007970,Backup
94,Michael Cintron,P,Rutgers,51,0,0,0,157001498,Starter
95,Jon Bateky,DL,Rutgers,77,79,0,0,159007602,Starter
95,Justin Davidovicz,PK,Rutgers,5,0,0,2,153002879,Backup
96,Ryan Anderson,P,Rutgers,76,0,0,0,157009099,Starter
96,Willington Previlon,DL,Rutgers,10,13,0,0,155009563,Backup
97,Andrew Harte,PK,Rutgers,68,0,0,29,157009513,Starter
97,Mike Tverdov,DL,Rutgers,8,9,0,0,153001091,Backup
98,David Bonagura,PK,Rutgers,2,0,0,1,155004325,Backup
98,Jimmy Hogan,DL,Rutgers,20,23,0,0,155000848,Backup
99,Gavin Haggerty,P,Rutgers,13,0,0,0,151005386,Backup
99,Kevin Wilkins,DL,Rutgers,82,120,0,0,154006448,Starter
1,Jermaine Carter Jr.,LB,Maryland,2,5,0,0,309533553,Backup
1,D.J. Moore,WR,Maryland,99,0,7,0,784159978,Starter
2,Lorenzo Harrison III,RB,Maryland,15,22,4,0,651978091,Backup
3,Denzel Conyers,DB,Maryland,18,38,0,0,611951942,Backup
3,Adam Greene,PK,Maryland,19,0,0,10,415114184,Backup
3,Tyrrell Pigrome,QB,Maryland,2,1,0,0,289576501,Backup
4,Darnell Savage Jr.,DB,Maryland,18,39,0,0,572186371,Backup
5,Anthony McFarland,RB,Maryland,6,11,1,0,409855339,Backup
5,Cavon Walker,DL,Maryland,50,44,0,0,422764506,Starter
6,Jesse Aniebonam,DL,Maryland,19,18,0,0,387469513,Backup
6,Ty Johnson,RB,Maryland,74,124,24,0,612849025,Starter
7,JC Jackson,DB,Maryland,80,198,0,0,171909716,Starter
8,Caleb Henderson,QB,Maryland,12,3,2,0,507081953,Backup
8,Kingsley Opara,DL,Maryland,2,2,0,0,413942662,Backup
9,Jahrvis Davenport,WR,Maryland,0,0,0,0,701433627,Backup
10,DJ Turner,WR,Maryland,7,0,0,0,134069216,Backup
10,Josh Woods,DB,Maryland,55,120,0,0,53331731,Starter
11,Fofie Bazzie,DB,Maryland,17,34,0,0,85861240,Backup
11,Kasim Hill,QB,Maryland,1,0,0,0,667886304,Backup
12,Elijah Daniels,DB,Maryland,8,18,0,0,481546060,Backup
12,Taivon Jacobs,WR,Maryland,92,0,6,0,928981680,Starter
13,Markquese Bell,DB,Maryland,11,25,0,0,771627710,Backup
14,Tahj Capehart,WR,Maryland,16,0,0,0,942169853,Backup
14,Deon Jones,DB,Maryland,12,23,0,0,776802973,Backup
14,J.T. Ventura,DB,Maryland,17,40,0,0,906781470,Backup
15,Legend Brumbaugh,QB,Maryland,4,3,0,0,342797342,Backup
15,Melvin Keihn,DE,Maryland,20,33,0,0,167080908,Backup
16,Ryan Brand,QB,Maryland,19,8,1,0,110078837,Backup
16,Ayinde Eley,LB,Maryland,9,21,0,0,219393509,Backup
17,Tino Ellis,DB,Maryland,58,133,0,0,339274320,Starter
18,Max Bortenschlager,QB,Maryland,81,23,7,0,289603665,Starter
18,Shane Cockerille,LB,Maryland,1,2,0,0,349528937,Backup
19,MJ Jarrell,WR,Maryland,7,0,0,0,728429526,Backup
19,Marcus Lewis,DB,Maryland,19,43,0,0,552721927,Backup
20,Javon Leake,RB,Maryland,16,27,5,0,844567129,Backup
20,Antwaine Richardson,DB,Maryland,2,4,0,0,536866987,Backup
21,RaVon Davis,DB,Maryland,13,27,0,0,851088752,Backup
22,Isaiah Davis,LB,Maryland,19,42,0,0,870814296,Backup
23,Alex Woods,DB,Maryland,5,11,0,0,36982482,Backup
24,Qwuantrezz Knight,DB,Maryland,16,38,0,0,33307568,Backup
25,Antoine Brooks Jr.,DB,Maryland,88,213,0,0,876671992,Starter
26,Kenny Bennett,DB,Maryland,1,2,0,0,339371488,Backup
27,Bryce Brand,DL,Maryland,20,24,0,0,929439047,Backup
29,Elisha Daniels,DB,Maryland,0,0,0,0,289444051,Backup
30,Allen Corbin,DB,Maryland,16,30,0,0,102675819,Backup
31,Nnamdi Egbuaba,LB,Maryland,8,17,0,0,193505248,Backup
32,Bruce Miller,LB,Maryland,8,17,0,0,980278356,Backup
33,Tayon Fleet-Davis,RB,Maryland,14,17,2,0,919981998,Backup
34,Jake Funk,RB,Maryland,7,12,1,0,518795818,Backup
35,Marcus Smith,DB,Maryland,15,29,0,0,328957003,Backup
36,Matt Oliveira,LS,Maryland,99,0,0,0,376854848,Starter
37,Josh Bekoe,DB,Maryland,20,50,0,0,726096297,Backup
37,Chris Jones,WR,Maryland,3,0,0,0,493558324,Backup
38,Paul Inzerillo,PK,Maryland,6,0,0,2,200702278,Backup
39,Steve Baca,LB,Maryland,8,20,0,0,51517311,Backup
40,Ikechukwu Ogwuegbu,RB,Maryland,2,3,0,0,254358764,Backup
41,Mike Shinsky,PK,Maryland,20,0,0,7,934878272,Backup
42,Nick Underwood,LB,Maryland,2,4,0,0,195821112,Backup
43,Jalen Brooks,LB,Maryland,68,154,0,0,148921866,Starter
44,Andrew Isaacs,DL,Maryland,6,7,0,0,501238101,Backup
45,Dimitri Lee,DB,Maryland,9,20,0,0,775611016,Backup
45,Zack Roski,TE,Maryland,3,1,0,0,707374773,Backup
46,Robert Schwob,TE,Maryland,3,3,0,0,45853686,Backup
47,Kevin Woodeshick,TE,Maryland,5,4,0,0,512213025,Backup
48,Derrick Hayward,TE,Maryland,92,60,0,0,933712898,Starter
49,Antonio DiCerbo,DL,Maryland,5,6,0,0,82475497,Backup
50,Mbi Tanyi,DL,Maryland,16,12,0,0,353417668,Backup
52,Oluwaseun Oluwatimi,DL,Maryland,10,15,0,0,310802136,Backup
53,Brett Shepherd,LB,Maryland,8,19,0,0,760532601,Backup
54,Brock Sassler,LS,Maryland,0,0,0,0,530027940,Backup
55,Dion Goldbourne,DL,Maryland,12,12,0,0,953284228,Backup
55,Derwin Gray,OL,Maryland,55,120,0,0,333252963,Starter
56,Nate Adams,LS,Maryland,20,0,0,0,678358917,Backup
56,Matt Gillespie,LB,Maryland,1,2,0,0,632485780,Backup
56,Cam Spence,DL,Maryland,18,21,0,0,984389837,Backup
57,Richard Merritt,OL,Maryland,18,33,1,0,157746208,Backup
58,Damian Prince,OL,Maryland,73,159,1,0,253460702,Starter
59,Keiron Howard,DL,Maryland,1,1,0,0,418278290,Backup
63,Tyler Hamilton,OL,Maryland,14,23,0,0,705277947,Backup
64,Brendan Moore,OL,Maryland,57,106,3,0,665746715,Starter
65,Andrew Ladd,OL,Maryland,1,2,0,0,399164667,Backup
67,Tyran Hunt,OL,Maryland,13,28,0,0,719202145,Backup
68,Ellis McKennie,OL,Maryland,9,19,0,0,201205841,Backup
70,Sean Christie,OL,Maryland,53,112,5,0,410968817,Starter
72,Marcus Minor,OL,Maryland,16,25,0,0,980413932,Backup
73,Johnny Jordan,OL,Maryland,4,8,0,0,351093303,Backup
74,Brian Plummer,OL,Maryland,17,31,0,0,117166883,Backup
75,Terrance Davis,OL,Maryland,73,147,0,0,91358192,Starter
76,Jack Wagman,OL,Maryland,15,31,0,0,302732488,Backup
77,Will McClain,OL,Maryland,11,17,0,0,160080534,Backup
78,Mason Hagey,OL,Maryland,18,35,0,0,616244673,Backup
79,Jordan McNair,OL,Maryland,3,6,0,0,422282474,Backup
80,Noah Barnes,TE,Maryland,14,8,0,0,80915236,Backup
81,Rayshad Lewis,WR,Maryland,0,0,0,0,319833003,Backup
82,Avery Edwards,TE,Maryland,3,1,0,0,778993715,Backup
83,Carlos Carriere,WR,Maryland,4,0,0,0,470145186,Backup
84,Jacquille Veii,WR,Maryland,59,0,4,0,465235274,Starter
85,Sean Nelson,WR,Maryland,4,0,0,0,267429673,Backup
86,Jayden Comma,WR,Maryland,10,0,0,0,179741891,Backup
87,Michael Cornwell,WR,Maryland,11,0,0,0,350874360,Backup
88,Wade Lees,P,Maryland,97,0,0,0,106311679,Starter
89,Andrew Park,TE,Maryland,8,7,0,0,919805271,Backup
90,B'Ahmad Miller,DL,Maryland,14,15,0,0,535189963,Backup
91,Adam McLean,DL,Maryland,1,1,0,0,501573875,Backup
92,Chandler Burkett,DL,Maryland,96,129,0,0,1036592,Starter
93,Oseh Saine,DL,Maryland,13,16,0,0,177108946,Backup
95,Henry Darmstadter,PK,Maryland,7,0,0,3,540857825,Backup
95,Lawtez Rogers,DL,Maryland,8,7,0,0,463487635,Backup
96,Brett Kulka,DL,Maryland,0,0,0,0,623845921,Backup
97,Celso Rivera,DL,Maryland,16,19,0,0,885125510,Backup
97,Danny Sutton,PK,Maryland,1,0,0,0,985204990,Backup
98,Brandon Gaddy,DL,Maryland,13,21,0,0,176299273,Backup
99,Breyon Gaddy,DL,Maryland,6,8,0,0,454971800,Backup
1,Juwan Burgess,DB,Indiana,11,27,0,0,96427539,Backup
1,Simmie Cobbs Jr.,WR,Indiana,82,0,4,0,69384245,Starter
2,Devonte Williams,RB,Indiana,19,34,6,0,412826767,Backup
3,Tyler Green,DB,Indiana,1,2,0,0,372831694,Backup
3,Peyton Ramsey,QB,Indiana,77,54,2,0,421062757,Starter
4,Chris Covington,LB,Indiana,70,172,0,0,496045862,Starter
5,J-Shun Harris II,WR,Indiana,0,0,0,0,275542304,Backup
6,Zeke Walker,DB,Indiana,15,32,0,0,694480190,Backup
7,Taysir Mack,WR,Indiana,15,0,0,0,298105364,Backup
8,Tegray Scales,LB,Indiana,59,137,0,0,209392470,Starter
9,Jonathan Crawford,DB,Indiana,96,220,0,0,784752638,Starter
9,Mike Fiacable,QB,Indiana,19,8,0,0,772566303,Backup
10,Donavan Hale,WR,Indiana,4,0,0,0,266938405,Backup
12,Jayme Thompson,DB,Indiana,19,38,0,0,22252661,Backup
12,Nick Tronti,QB,Indiana,5,0,0,0,565514715,Backup
13,Isaac James,WR,Indiana,9,0,0,0,528829700,Backup
14,Andre Brown Jr.,DB,Indiana,71,143,0,0,327205244,Starter
15,Nick Westbrook,WR,Indiana,15,0,0,0,849891068,Backup
16,Rashard Fant,DB,Indiana,19,41,0,0,729823210,Backup
16,David Felton,WR,Indiana,5,0,0,0,522791981,Backup
17,Justin Berry,WR,Indiana,14,0,1,0,533572294,Backup
17,Raheem Layne,DB,Indiana,8,16,0,0,379308771,Backup
18,Ben Bach,DB,Indiana,6,10,0,0,685349486,Backup
19,Tony Fields,DB,Indiana,83,153,0,0,738557321,Starter
20,Jameel Cook Jr.,DB,Indiana,5,10,0,0,544857223,Backup
20,Cole Gest,RB,Indiana,10,18,2,0,993875600,Backup
21,LaDamion Hunt,DB,Indiana,5,10,0,0,224204172,Backup
21,Richard Lagow,QB,Indiana,0,0,0,0,990994176,Backup
22,Whop Philyor,WR,Indiana,78,0,10,0,481818338,Starter
23,Alex Rodriguez,RB,Indiana,8,15,2,0,60089313,Backup
24,Mike Majette,RB,Indiana,4,6,1,0,699648569,Backup
25,Luke Timian,WR,Indiana,76,0,4,0,814583117,Starter
26,Kiante Walton,LB,Indiana,19,43,0,0,780878577,Backup
27,Morgan Ellison,RB,Indiana,78,131,21,0,257833076,Starter
28,A'Shon Riggins,DB,Indiana,12,26,0,0,396214979,Backup
29,Khalil Bryant,DB,Indiana,12,30,0,0,249010242,Backup
29,Craig Nelson,RB,Indiana,3,6,0,0,962714389,Backup
30,Chase Dutra,DB,Indiana,73,146,0,0,683462702,Starter
31,Bryant Fitzgerald,DB,Indiana,0,0,0,0,584726839,Backup
31,Tyler Natee,RB,Indiana,13,20,3,0,255019533,Backup
33,Ricky Brookins,RB,Indiana,2,3,0,0,976277853,Backup
34,Thomas Henderson,DB,Indiana,11,24,0,0,923228692,Backup
35,Nile Sykes,DL,Indiana,12,18,0,0,939421612,Backup
36,Johnny Albomonte,DB,Indiana,11,24,0,0,540533072,Backup
36,Drew Conrad,P,Indiana,13,0,0,0,97142291,Backup
38,Connor Thomas,RB,Indiana,3,5,0,0,288247605,Backup
39,Kenny Arnold,LB,Indiana,9,22,0,0,929506599,Backup
39,Chris Gajcak,WR,Indiana,19,0,1,0,232163980,Backup
40,Reakwon Jones,LB,Indiana,18,39,0,0,36924221,Backup
41,Mo Burnam,LB,Indiana,8,19,0,0,920210591,Backup
42,Marcelino Ball,DB,Indiana,3,6,0,0,663729671,Backup
43,Dameon Willis Jr.,LB,Indiana,4,9,0,0,846803969,Backup
44,Thomas Allen,LB,Indiana,10,21,0,0,935734646,Backup
45,Tom Bolstad,LB,Indiana,7,17,0,0,870224487,Backup
47,Robert McCray III,DL,Indiana,74,80,0,0,869110228,Starter
49,Greg Gooch,DL,Indiana,78,71,0,0,943414323,Starter
50,Joshua Brown,DL,Indiana,11,16,0,0,950793594,Backup
51,Mike Barwick Jr.,DL,Indiana,16,22,0,0,914270394,Backup
51,Mackenzie Nworah,OL,Indiana,7,14,0,0,281632671,Backup
52,DaVondre Love,OL,Indiana,16,36,2,0,666314329,Backup
53,Andrew Stamm,LB,Indiana,1,2,0,0,923353138,Backup
54,Ja'merez Bowen,DL,Indiana,1,1,0,0,879144315,Backup
54,Coy Cronk,OL,Indiana,69,138,3,0,893367051,Starter
55,Michael McGinnis,LB,Indiana,9,20,0,0,689593337,Backup
56,Grayson Stover,OL,Indiana,3,5,0,0,929474043,Backup
57,Harry Crider,OL,Indiana,16,26,0,0,753353604,Backup
58,Danny Friend,OL,Indiana,19,43,0,0,760208338,Backup
59,Jack Trainor,OL,Indiana,8,16,0,0,931298351,Backup
61,Nick Ramacca,OL,Indiana,1,2,0,0,563680146,Backup
62,Brandon Knight,OL,Indiana,64,135,1,0,644984655,Starter
64,Ryan Smith,OL,Indiana,18,37,0,0,791960734,Backup
66,Tristen Watts,DL,Indiana,15,17,0,0,193341706,Backup
68,Hunter Littlejohn,OL,Indiana,52,104,1,0,821232189,Starter
69,Gavin Everett,DL,Indiana,13,11,0,0,187650523,Backup
71,Delroy Baker,OL,Indiana,9,15,0,0,534977848,Backup
72,Simon Stepaniak,OL,Indiana,88,136,3,0,616157266,Starter
73,Tyler Knight,OL,Indiana,3,6,0,0,23642947,Backup
74,Nate Hoff,DL,Indiana,89,135,0,0,979705156,Starter
75,Sam Garvin,OL,Indiana,6,14,0,0,218528186,Backup
76,Wes Martin,OL,Indiana,50,105,0,0,914673952,Starter
77,Caleb Jones,OL,Indiana,9,18,0,0,406805075,Backup
78,Britt Beery,DL,Indiana,1,1,0,0,439289718,Backup
80,Ian Thomas,TE,Indiana,89,74,0,0,106118764,Starter
81,Ty Fryfogle,WR,Indiana,8,0,0,0,403327095,Backup
82,Logan Justus,PK,Indiana,16,0,0,6,78420739,Backup
83,Austin Dorris,TE,Indiana,1,0,0,0,663399101,Backup
84,Jonah Morris,WR,Indiana,4,0,0,0,124809480,Backup
85,Ryan Watercutter,TE,Indiana,14,10,0,0,191222531,Backup
86,Joseph Gedeon,P,Indiana,13,0,0,0,274997734,Backup
86,Peyton Hendershot,TE,Indiana,19,14,0,0,67792672,Backup
87,Michael Ziemba,DL,Indiana,9,11,0,0,953246837,Backup
88,Shaun Bonner,TE,Indiana,61,43,0,0,652845197,Starter
89,Phil Benker,WR,Indiana,17,0,1,0,587502639,Backup
90,Juan Harris,DL,Indiana,2,2,0,0,485818037,Backup
90,Jared Smolar,PK,Indiana,0,0,0,0,652971388,Backup
91,Jacob Robinson,DL,Indiana,85,101,0,0,412854860,Starter
92,Alfred Bryant,DL,Indiana,20,28,0,0,533181438,Backup
92,Griffin Oakes,PK,Indiana,81,0,0,39,116828608,Starter
93,LeShaun Minor Jr.,DL,Indiana,5,7,0,0,911534682,Backup
93,Stephen Yaffe,PK,Indiana,14,0,0,6,353445642,Backup
94,Haydon Whitehead,P,Indiana,89,0,0,0,619323166,Starter
95,Brandon Wilson,DL,Indiana,8,11,0,0,670083347,Backup
96,Derrian Meminger,DL,Indiana,16,18,0,0,80480703,Backup
97,Dan Godsil,LS,Indiana,97,0,0,0,844094786,Starter
97,Tramar Reece,DL,Indiana,5,5,0,0,377679371,Backup
98,Jerome Johnson,DL,Indiana,16,23,0,0,112770256,Backup
99,Nathanael Snyder,PK,Indiana,7,0,0,3,206528634,Backup
99,Allen Stallings IV,DL,Indiana,6,8,0,0,610376019,Backup
1,Jaylen Dunlap,DB,Illinois,89,193,0,0,683319088,Starter
2,Reggie Corbin,RB,Illinois,15,24,4,0,725803561,Backup
2,Julian Jones,LB,Illinois,20,44,0,0,610523275,Backup
3,Jeff George Jr.,QB,Illinois,76,47,2,0,984962682,Starter
3,Del'Shawn Phillips,LB,Illinois,82,154,0,0,959029025,Starter
4,Ricky Smalling,WR,Illinois,15,0,1,0,456298724,Backup
4,Bennett Williams,DB,Illinois,98,208,0,0,34028744,Starter
5,James Crawford,DL,Illinois,12,14,0,0,89165960,Backup
5,Carmoni Green,WR,Illinois,13,0,1,0,514022293,Backup
6,Tony Adams,DB,Illinois,62,146,0,0,77019448,Starter
6,Cam Miller,QB,Illinois,19,10,2,0,4016590,Backup
7,Chayce Crouch,QB,Illinois,4,2,0,0,305056547,Backup
7,Stanley Green,DB,Illinois,10,23,0,0,628952180,Backup
8,Nate Hobbs,DB,Illinois,60,137,0,0,239755901,Starter
8,Dominic Thieman,WR,Illinois,75,0,2,0,133701889,Starter
9,Dele Harding,LB,Illinois,97,224,0,0,876769245,Starter
9,Sam Mays,WR,Illinois,5,0,0,0,979498895,Backup
10,James Knight,DB,Illinois,20,53,0,0,395703241,Backup
10,Cam Thomas,QB,Illinois,14,3,1,0,850285787,Backup
11,Malik Turner,WR,Illinois,90,0,0,0,421571309,Starter
12,Chris James,DB,Illinois,6,13,0,0,259350357,Backup
12,Charlie Reinkemeyer,QB,Illinois,2,1,0,0,426213843,Backup
13,Caleb Reams,TE,Illinois,13,4,0,0,381432865,Backup
14,Blake Hayes,P,Illinois,57,0,0,0,605281146,Starter
15,Trenard Davis,WR,Illinois,0,0,0,0,273348455,Backup
16,Connor Kelly,QB,Illinois,12,1,0,0,48497121,Backup
17,James McCourt,PK,Illinois,11,0,0,5,77982210,Backup
17,Kendall Smith,WR,Illinois,20,0,2,0,636175628,Backup
18,Mike Dudek,WR,Illinois,66,0,2,0,833671380,Starter
19,Louis Dorsey,TE,Illinois,85,47,0,0,718215305,Starter
20,Harvey Clayton Jr.,DB,Illinois,6,12,0,0,199179177,Backup
21,Ra'Von Bonner,RB,Illinois,18,30,5,0,480522021,Backup
21,Patrick Nelson,DB,Illinois,96,195,0,0,511681505,Starter
22,Kendrick Foster,RB,Illinois,15,27,5,0,434021437,Backup
23,Conner Lillig,RB,Illinois,13,20,3,0,11639870,Backup
23,Frank Sumpter,DB,Illinois,12,25,0,0,229808371,Backup
24,Dawson DeGroot,DB,Illinois,4,9,0,0,206519735,Backup
25,Dre Brown,RB,Illinois,11,19,3,0,299463879,Backup
25,Shawn McPartland,WR,Illinois,5,0,0,0,529792908,Backup
26,Mike Epstein,RB,Illinois,65,116,20,0,522886251,Starter
26,Evan Jones,DB,Illinois,13,27,0,0,150632370,Backup
27,Ahmari Hayes,DB,Illinois,15,30,0,0,251528348,Backup
28,Nolan Bernat,DB,Illinois,7,12,0,0,256984168,Backup
29,Christian Bobak,RB,Illinois,1,1,0,0,2282503,Backup
30,Julian Hylton,DB,Illinois,6,13,0,0,793373203,Backup
31,Cameron Watkins,DB,Illinois,16,34,0,0,499101707,Backup
32,Justice Williams,LB,Illinois,13,26,0,0,237368284,Backup
33,Tre Watson,LB,Illinois,59,134,0,0,828137019,Starter
34,Christion Abercrombie,DL,Illinois,6,6,0,0,265748756,Backup
35,Jake Hansen,LB,Illinois,6,14,0,0,977948200,Backup
36,Austin Roberts,RB,Illinois,56,102,16,0,821464523,Starter
37,Bryce Baringer,P,Illinois,11,0,0,0,463106914,Backup
37,Zac Holman,DB,Illinois,11,23,0,0,308018520,Backup
38,Brandon Roberts,RB,Illinois,20,43,6,0,604873853,Backup
39,Nathan Echard,TE,Illinois,1,0,0,0,840047177,Backup
40,Ryan Tucker,P,Illinois,2,0,0,0,229600460,Backup
41,Jimmy Marchese,LB,Illinois,9,20,0,0,453338398,Backup
42,Michael Marchese,DB,Illinois,5,10,0,0,546429729,Backup
43,Chase McLaughlin,PK,Illinois,60,0,0,28,507759683,Starter
44,Drew Murtaugh,LB,Illinois,15,38,0,0,117376420,Backup
45,Henry McGrew,TE,Illinois,5,4,0,0,503524528,Backup
46,Alec McEachern,DB,Illinois,10,23,0,0,727929847,Backup
47,Sean Adesanya,DL,Illinois,9,11,0,0,726826305,Backup
48,Kevin Hinders,DL,Illinois,4,5,0,0,343865012,Backup
51,Sean Coghlan,LB,Illinois,10,25,0,0,861840564,Backup
52,Ayo Shogbonyo,LB,Illinois,10,20,0,0,374876563,Backup
52,Adam Solomon,OL,Illinois,10,20,1,0,686254291,Backup
53,Nick Allegretti,OL,Illinois,86,193,3,0,391061812,Starter
53,Kendrick Green,DL,Illinois,16,23,0,0,662335555,Backup
54,Marc Mondesir,LB,Illinois,2,4,0,0,152622622,Backup
55,Jamal Milan,DL,Illinois,11,10,0,0,719684209,Backup
56,Ethan Tabel,LS,Illinois,3,0,0,0,164917424,Backup
58,Sean Mills,LS,Illinois,66,0,0,0,483629629,Starter
63,Alex Palczewski,OL,Illinois,63,142,1,0,70798408,Starter
65,Doug Kramer,OL,Illinois,96,210,0,0,195036813,Starter
66,Jordan Fagan,OL,Illinois,4,8,0,0,965916998,Backup
67,Christian DiLauro,OL,Illinois,12,21,0,0,645708804,Backup
68,Jake Stover,OL,Illinois,17,33,0,0,57314068,Backup
71,Zeke Martin,OL,Illinois,16,36,1,0,338113403,Backup
72,Gabe Megginson,OL,Illinois,10,20,0,0,350172214,Backup
73,Jake Cerny,OL,Illinois,13,29,0,0,974501893,Backup
74,Andrew Trainer,OL,Illinois,0,0,0,0,975762830,Backup
75,Kurt Gavin,OL,Illinois,13,26,0,0,192788407,Backup
76,Larry Boyd,OL,Illinois,61,130,0,0,833049855,Starter
79,Vederian Lowe,OL,Illinois,93,197,6,0,320341357,Starter
80,Keith Jones,WR,Illinois,16,0,0,0,812182495,Backup
81,Griffin Palmer,TE,Illinois,2,1,0,0,205303498,Backup
82,William DuPont,WR,Illinois,16,0,0,0,778217094,Backup
83,Bobby Walker,TE,Illinois,17,8,0,0,967641682,Backup
84,James Bartholomew,WR,Illinois,12,0,0,0,988255372,Backup
88,Brandon Jones,RB,Illinois,9,17,2,0,222912030,Backup
89,Alex Pihlstrom,TE,Illinois,16,10,0,0,541539937,Backup
90,Lere Oladipo,DL,Illinois,8,9,0,0,682734929,Backup
91,Jamal Woods,DL,Illinois,6,7,0,0,709812140,Backup
92,Isaiah Gay,DL,Illinois,6,7,0,0,236805534,Backup
94,Tito Odenigbo,DL,Illinois,11,11,0,0,710466005,Backup
95,Kenyon Jackson,DL,Illinois,52,59,0,0,31346060,Starter
96,Tymir Oliver,DL,Illinois,78,92,0,0,782519031,Starter
97,Bobby Roundtree,DL,Illinois,76,100,0,0,200208717,Starter
98,Deon Pate,DL,Illinois,5,6,0,0,122676984,Backup
99,Owen Carney Jr.,DL,Illinois,8,6,0,0,267701492,Backup
1,Kekoa Crawford,WR,Michigan,75,0,5,0,302406637,Starter
1,Ambry Thomas,DB,Michigan,11,22,0,0,613636043,Backup
2,Carlo Kemp,DL,Michigan,11,13,0,0,529297503,Backup
2,Oliver Martin,WR,Michigan,12,0,0,0,663256558,Backup
3,Rashan Gary,DL,Michigan,61,86,0,0,297385224,Starter
3,Quinn Nordin,PK,Michigan,61,0,0,31,158047969,Starter
3,Brad Robbins,P,Michigan,55,0,0,0,838676048,Starter
3,Wilton Speight,QB,Michigan,5,2,0,0,359415783,Backup
4,Nico Collins,WR,Michigan,14,0,0,0,853522644,Backup
4,Reuben Jones,DL,Michigan,19,28,0,0,550363745,Backup
5,Aubrey Solomon,DL,Michigan,3,4,0,0,660522855,Backup
5,Kurt Taylor,RB,Michigan,1,1,0,0,864766649,Backup
6,Drake Harris,DB,Michigan,4,9,0,0,529286995,Backup
6,Michael Sessa,QB,Michigan,1,0,0,0,313570998,Backup
6,Ryan Tice,PK,Michigan,12,0,0,5,973801995,Backup
6,Kareem Walker,RB,Michigan,20,31,4,0,949696573,Backup
7,Tarik Black,WR,Michigan,13,0,0,0,785547950,Backup
7,Khaleke Hudson,DB,Michigan,97,227,0,0,589597631,Starter
8,John O'Korn,QB,Michigan,11,4,0,0,417943043,Backup
8,Drew Singleton,LB,Michigan,7,14,0,0,221258575,Backup
9,Mike McCray,LB,Michigan,69,164,0,0,779567862,Starter
9,Donovan Peoples-Jones,WR,Michigan,100,0,0,0,676617698,Starter
10,Devin Bush,LB,Michigan,86,204,0,0,975736031,Starter
10,Dylan McCaffrey,QB,Michigan,7,3,0,0,357185246,Backup
12,Chris Evans,RB,Michigan,96,178,28,0,553961911,Starter
12,Josh Ross,LB,Michigan,7,16,0,0,207582588,Backup
13,Eddie McDoom,WR,Michigan,7,0,0,0,406640692,Backup
14,Josh Metellus,DB,Michigan,69,128,0,0,176671565,Starter
15,Alex Malzone,QB,Michigan,79,55,1,0,260605333,Starter
15,Garrett Moores,QB,Michigan,14,7,0,0,6559232,Backup
15,Chase Winovich,DL,Michigan,64,72,0,0,111069103,Starter
16,Jaylen Kelly-Powell,DB,Michigan,4,8,0,0,212878786,Backup
16,Jack Wangler,WR,Michigan,6,0,0,0,928652960,Backup
17,Will Hart,P,Michigan,3,0,0,0,579884812,Backup
17,Tyrone Wheatley,TE,Michigan,70,18,0,0,981711072,Starter
18,Brandon Peters,QB,Michigan,67,34,11,0,453470599,Starter
18,Luiji Vilain,DL,Michigan,16,23,0,0,280360067,Backup
19,Kwity Paye,DL,Michigan,12,17,0,0,428127129,Backup
19,Henry Poggi,FB,Michigan,76,184,6,0,69512390,Starter
20,Brad Hawkins,DB,Michigan,5,8,0,0,848010983,Backup
20,Matt Mitchell,DB,Michigan,4,8,0,0,734686400,Backup
20,Tru Wilson,RB,Michigan,10,20,2,0,191882125,Backup
22,Karan Higdon,RB,Michigan,14,22,2,0,80349021,Backup
22,David Long,DB,Michigan,97,195,0,0,180819428,Starter
23,Jared Davis,DB,Michigan,6,11,0,0,215766757,Backup
23,Tyree Kinnel,DB,Michigan,89,210,0,0,438977351,Starter
23,O'Maury Samuels,RB,Michigan,20,29,5,0,921519762,Backup
24,Lavert Hill,DB,Michigan,94,199,0,0,188649308,Starter
24,Jake Martin,WR,Michigan,9,0,0,0,153860924,Backup
25,Benjamin St-Juste,DB,Michigan,5,9,0,0,1995805,Backup
26,J'Marick Woods,DB,Michigan,10,19,0,0,434755443,Backup
27,Joe Hewlett,RB,Michigan,5,7,1,0,522673573,Backup
27,Hunter Reynolds,DB,Michigan,3,5,0,0,701013552,Backup
28,Austin Brenner,DB,Michigan,11,23,0,0,964728702,Backup
28,Brandon Watson,DB,Michigan,10,21,0,0,310464582,Backup
29,Jordan Glasgow,DB,Michigan,9,18,0,0,499806367,Backup
29,Brendan White,WR,Michigan,3,0,0,0,982393380,Backup
30,Joe Beneducci,FB,Michigan,4,9,0,0,90240668,Backup
30,Tyler Cochran,DB,Michigan,13,26,0,0,605403377,Backup
31,James Foug,PK,Michigan,17,0,0,8,972243873,Backup
31,Phillip Paea,DL,Michigan,5,6,0,0,423177628,Backup
32,Louis Grodman,DB,Michigan,20,42,0,0,666189558,Backup
32,Ty Isaac,RB,Michigan,0,0,0,0,155423504,Backup
33,Camaron Cheeseman,LS,Michigan,8,0,0,0,583141544,Backup
34,Jordan Anthony,LB,Michigan,4,8,0,0,333198148,Backup
34,Kenneth Ferris,TE,Michigan,0,0,0,0,547350473,Backup
35,Brian Chu,FB,Michigan,19,50,4,0,694399699,Backup
35,Josh Uche,LB,Michigan,5,11,0,0,454944601,Backup
36,Devin Gil,LB,Michigan,17,36,0,0,991161148,Backup
37,Dane Drobocky,DL,Michigan,7,7,0,0,28802572,Backup
37,Bradford Jones,TE,Michigan,13,10,0,0,392202652,Backup
38,Joseph Files,TE,Michigan,16,11,0,0,606938035,Backup
38,Jared Wangler,FB,Michigan,15,42,1,0,916254675,Backup
39,Evan Latham,WR,Michigan,13,0,0,0,498856787,Backup
39,Kyle Seychel,PK,Michigan,12,0,0,6,799685335,Backup
40,Nick Volk,FB,Michigan,17,34,2,0,663248365,Backup
41,Adam Fakih,LB,Michigan,16,33,0,0,449570159,Backup
41,Jacob West,DB,Michigan,14,26,0,0,162747033,Backup
42,Ben Mason,FB,Michigan,16,41,2,0,734737693,Backup
43,Eric Kim,WR,Michigan,12,0,1,0,966938652,Backup
43,Jake McCurry,DB,Michigan,5,10,0,0,212699863,Backup
44,Matt Baldeck,LS,Michigan,0,0,0,0,55090224,Backup
44,Jared Char,RB,Michigan,9,15,3,0,379690670,Backup
44,Deron Irving-Bey,DL,Michigan,1,1,0,0,400313996,Backup
45,Peter Bush,LB,Michigan,18,42,0,0,343598514,Backup
45,Adam Shibley,LB,Michigan,20,49,0,0,724858887,Backup
46,Matt Brown,FB,Michigan,7,16,0,0,920883830,Backup
46,Chris Hanlon,TE,Michigan,3,1,0,0,482174105,Backup
46,Michael Wroblewski,LB,Michigan,9,17,0,0,671929638,Backup
49,Tyler Plocki,FB,Michigan,10,25,2,0,178740621,Backup
49,Andrew Robinson,LS,Michigan,89,0,0,0,969658141,Starter
50,Michael Dwumfour,DL,Michigan,15,19,0,0,815375392,Backup
50,Michael Onwenu,OL,Michigan,52,108,0,0,715482422,Starter
51,Cesar Ruiz,OL,Michigan,8,16,0,0,682700139,Backup
52,Mason Cole,OL,Michigan,95,190,1,0,728429478,Starter
52,Elysee Mbem-Bosse,LB,Michigan,6,12,0,0,928655453,Backup
54,Carl Myers,DL,Michigan,15,18,0,0,937778397,Backup
55,James Hudson,OL,Michigan,15,32,0,0,363138409,Backup
56,Jameson Offerdahl,LB,Michigan,11,25,0,0,943418932,Backup
57,Patrick Kugler,OL,Michigan,65,124,2,0,443004615,Starter
58,Alex Kaminski,LB,Michigan,5,11,0,0,755648112,Backup
59,Noah Furbush,LB,Michigan,9,21,0,0,742127619,Backup
59,Joel Honigford,OL,Michigan,9,18,0,0,116385608,Backup
61,Dan Jokisch,OL,Michigan,4,6,0,0,509985119,Backup
62,Sean Fitzgerald,OL,Michigan,16,30,1,0,936440717,Backup
66,Chuck Filiaga,OL,Michigan,12,20,0,0,600092413,Backup
67,Jess Speight,OL,Michigan,6,13,0,0,161193578,Backup
68,Andrew Vastardis,OL,Michigan,10,20,0,0,349681334,Backup
70,Nolan Ulizio,OL,Michigan,93,208,11,0,716113933,Starter
71,Andrew Stueber,OL,Michigan,9,15,0,0,463689836,Backup
72,Stephen Spanellis,OL,Michigan,5,9,0,0,300271468,Backup
73,Ja'Raymond Hall,OL,Michigan,2,4,0,0,591361978,Backup
73,Maurice Hurst,DL,Michigan,68,87,0,0,555270855,Starter
74,Ben Bredeson,OL,Michigan,83,174,3,0,792495942,Starter
75,Jon Runyan,OL,Michigan,5,7,0,0,703640008,Backup
76,Juwann Bushell-Beatty,OL,Michigan,9,19,0,0,321926866,Backup
77,Grant Newsome,OL,Michigan,2,3,0,0,209081873,Backup
79,Greg Robinson,OL,Michigan,6,12,0,0,670969706,Backup
80,Khalid Hill,FB,Michigan,13,36,1,0,795200606,Backup
81,Nate Schoenle,WR,Michigan,8,0,0,0,321802798,Backup
82,Nick Eubanks,TE,Michigan,10,8,0,0,38622981,Backup
82,Carter Selzer,TE,Michigan,20,20,0,0,248530959,Backup
83,Zach Gentry,TE,Michigan,7,9,0,0,6600480,Backup
84,Sean McKeon,TE,Michigan,11,10,0,0,532668864,Backup
85,Maurice Ways,WR,Michigan,0,0,0,0,789805564,Backup
86,Conner Edmonds,TE,Michigan,13,12,0,0,568861673,Backup
88,Jack Dunaway,LB,Michigan,2,3,0,0,460121405,Backup
88,Grant Perry,WR,Michigan,99,0,0,0,38177071,Starter
89,Ian Bunting,TE,Michigan,91,57,0,0,525427124,Starter
90,Bryan Mone,DL,Michigan,57,76,0,0,122862934,Starter
92,Cheyenn Robertson,LB,Michigan,8,19,0,0,364184231,Backup
93,Lawrence Marshall,DL,Michigan,7,7,0,0,344156975,Backup
95,Donovan Jeter,DL,Michigan,6,4,0,0,642467431,Backup
97,Ron Johnson,DL,Michigan,11,12,0,0,330585038,Backup
99,John Luby,DL,Michigan,17,17,0,0,148852528,Backup
2,Justin Layne,CB,Michigan State,75,67,0,0,932503712,Starter
3,LJ Scott,RB,Michigan State,81,155,30,0,792051069,Starter
4,Matt Coghlin,PK,Michigan State,98,0,0,60,18720070,Starter
4,C.J. Hayes,WR,Michigan State,4,0,0,0,149721707,Backup
5,Andrew Dowell,LB,Michigan State,14,32,0,0,336271501,Backup
5,Hunter Rison,WR,Michigan State,11,0,1,0,954425693,Backup
6,David Dowell,S,Michigan State,89,153,0,0,994220917,Starter
6,Damion Terry,QB,Michigan State,3,1,0,0,413133657,Backup
7,Cody White,WR,Michigan State,59,0,3,0,297411935,Starter
8,Lashawn Paulino-Bell,DE,Michigan State,9,15,0,0,485625252,Backup
8,Brett Scanlon,PK,Michigan State,20,0,0,9,517873783,Backup
9,Dominique Long,S,Michigan State,0,0,0,0,616136098,Backup
10,Messiah deWeaver,QB,Michigan State,1,0,0,0,78264512,Backup
10,Matt Morrissey,S,Michigan State,18,31,0,0,103631301,Backup
11,Connor Heyward,RB,Michigan State,61,104,18,0,475512386,Starter
12,Rocky Lombardi,QB,Michigan State,11,8,0,0,776732822,Backup
13,Mickey Macius,QB,Michigan State,12,5,1,0,529795466,Backup
13,Laress Nelson,WR,Michigan State,13,0,0,0,395935323,Backup
14,Emmanuel Flowers,CB,Michigan State,4,2,0,0,813481415,Backup
14,Brian Lewerke,QB,Michigan State,85,38,16,0,864221311,Starter
15,Tyson Smith,CB,Michigan State,0,0,0,0,997475511,Backup
16,Austin Andrews,S,Michigan State,12,18,0,0,819145428,Backup
16,Brandon Sowards,WR,Michigan State,4,0,0,0,937150835,Backup
17,Tyriq Thompson,LB,Michigan State,8,19,0,0,899725630,Backup
18,Felton Davis III,WR,Michigan State,84,0,0,0,818194144,Starter
19,Josh Butler,CB,Michigan State,18,17,0,0,27597254,Backup
19,Nick Krumm,WR,Michigan State,6,0,0,0,183031513,Backup
20,Davis Lewandowski,WR,Michigan State,6,0,0,0,372633652,Backup
20,Jalen Watts-Jackson,S,Michigan State,15,22,0,0,328980569,Backup
21,Cam Chambers,WR,Michigan State,12,0,1,0,771504110,Backup
22,Josiah Scott,CB,Michigan State,72,70,0,0,539597993,Starter
23,Chris Frey,LB,Michigan State,94,192,0,0,691505584,Starter
24,Gerald Holmes,RB,Michigan State,16,24,4,0,596547378,Backup
24,Tre Person,S,Michigan State,11,17,0,0,917531167,Backup
25,Jake Hartbarger,P,Michigan State,1,0,0,0,821359441,Backup
25,Darrell Stewart Jr.,WR,Michigan State,96,0,9,0,857466230,Starter
26,Brandon Randle,DE,Michigan State,9,10,0,0,667736536,Backup
27,Weston Bridges,RB,Michigan State,8,14,2,0,397075769,Backup
27,Khari Willis,S,Michigan State,87,115,0,0,702345114,Starter
28,Madre London,RB,Michigan State,17,26,5,0,583944789,Backup
29,Shakur Brown,DB,Michigan State,18,35,0,0,915120949,Backup
30,Tanner Hallock,FB,Michigan State,16,42,2,0,781750571,Backup
31,T.J. Harrell,CB,Michigan State,18,20,0,0,947421756,Backup
32,Corey Pryor,DB,Michigan State,12,26,0,0,428489378,Backup
34,Antjuan Simmons,LB,Michigan State,5,11,0,0,734890442,Backup
35,Joe Bachie,LB,Michigan State,54,143,0,0,911866383,Starter
36,Noah Sargent,RB,Michigan State,4,6,1,0,674533464,Backup
37,Dante Razzano,LB,Michigan State,18,41,0,0,685556308,Backup
38,Byron Bullough,LB,Michigan State,15,32,0,0,410072890,Backup
39,Ben Line,FB,Michigan State,2,5,0,0,318734024,Backup
40,Collin Lucas,FB,Michigan State,68,176,3,0,405583041,Starter
41,Reid Burton,FB,Michigan State,20,52,3,0,399858884,Backup
41,Gerald Owens,DL,Michigan State,7,7,0,0,751054690,Backup
42,Hussien Kadry,TE,Michigan State,4,3,0,0,306127505,Backup
42,Brent Mossburg,LB,Michigan State,11,25,0,0,690631905,Backup
43,Jack Mandryk,S,Michigan State,12,16,0,0,12730471,Backup
44,Grayson Miller,S,Michigan State,5,7,0,0,507162057,Backup
44,Max Rosenthal,FB,Michigan State,6,12,0,0,348491602,Backup
45,Joe Palange,FB,Michigan State,17,45,3,0,127613231,Backup
45,Darien Tipps-Clemons,LB,Michigan State,17,36,0,0,316483486,Backup
47,Ryan Armour,LS,Michigan State,2,0,0,0,431114692,Backup
47,Noah Harvey,LB,Michigan State,16,34,0,0,577014674,Backup
48,Kenny Willekes,DE,Michigan State,51,79,0,0,162009457,Starter
49,Shane Jones,LB,Michigan State,12,28,0,0,356496453,Backup
50,Sean Harrington,LB,Michigan State,17,39,0,0,971768979,Backup
51,Kyonta Stallworth,DL,Michigan State,18,17,0,0,372829975,Backup
52,Dillon Alexander,DE,Michigan State,4,5,0,0,43441473,Backup
53,Peter Fisk,LB,Michigan State,12,24,0,0,928238917,Backup
54,Mitchell Sokol,LB,Michigan State,9,21,0,0,334294513,Backup
55,Jordan Reid,OT,Michigan State,13,36,0,0,890127902,Backup
56,Matt Carrick,G,Michigan State,1,2,0,0,776525636,Backup
57,Collin Caflisch,LS,Michigan State,56,0,0,0,960152703,Starter
58,Devyn Salmon,DT,Michigan State,3,5,0,0,111729083,Backup
59,David Beedle,G,Michigan State,66,224,0,0,505269509,Starter
60,Casey Schreiner,G,Michigan State,19,60,0,0,746465513,Backup
61,Cole Chewins,OT,Michigan State,76,241,0,0,667559190,Starter
62,Luke Campbell,OT,Michigan State,92,283,4,0,114302189,Starter
63,Noah Listermann,OT,Michigan State,10,29,0,0,606118396,Backup
64,Matt Allen,OL,Michigan State,0,0,0,0,711335179,Backup
65,Brian Allen,OL,Michigan State,51,117,1,0,249133034,Starter
66,Blake Bueter,OT,Michigan State,8,22,0,0,754604693,Backup
67,Bryce Wilker,C,Michigan State,14,64,0,0,319869184,Backup
68,Jeremy Schram,OL,Michigan State,0,0,0,0,53733996,Backup
69,Tommy Liesveld,OL,Michigan State,4,8,0,0,645755274,Backup
70,Tyler Higby,G,Michigan State,9,32,0,0,289710200,Backup
72,Mike Panasiuk,DT,Michigan State,92,152,0,0,771304109,Starter
73,Dennis Finley,OT,Michigan State,10,30,0,0,295992832,Backup
74,Jack Henrichs,OL,Michigan State,7,13,0,0,654344797,Backup
75,Kevin Jarvis,G,Michigan State,15,44,0,0,228835126,Backup
76,AJ Arcuri,OT,Michigan State,3,8,0,0,207753604,Backup
77,Nick Padla,OL,Michigan State,15,24,0,0,919532071,Backup
79,Mustafa Khaleefah,OT,Michigan State,11,31,0,0,71067432,Backup
80,Matt Seybert,TE,Michigan State,9,4,0,0,752448005,Backup
81,Matt Sokol,TE,Michigan State,50,31,0,0,984039035,Starter
82,Jack Camper,TE,Michigan State,17,10,0,0,850741957,Backup
83,Mufi Hill-Hunt,TE,Michigan State,8,6,0,0,536840187,Backup
84,Noah Davis,TE,Michigan State,18,9,0,0,583954334,Backup
84,Brock Makaric,WR,Michigan State,15,0,0,0,378592121,Backup
85,Khylin Barton,WR,Michigan State,14,0,0,0,985001680,Backup
86,Drew Beesley,DL,Michigan State,20,21,0,0,883976201,Backup
86,Trishton Jackson,WR,Michigan State,14,0,1,0,293780454,Backup
87,Jahz Watts,WR,Michigan State,19,0,1,0,673219809,Backup
88,Andre Welch,WR,Michigan State,13,0,0,0,384916093,Backup
89,Matt Dotson,TE,Michigan State,16,12,0,0,965028993,Backup
91,Robert Bowers,DE,Michigan State,7,9,0,0,434842366,Backup
92,DeAri Todd,DE,Michigan State,6,9,0,0,199337913,Backup
93,Naquan Jones,DT,Michigan State,15,19,0,0,935868096,Backup
93,Jack McKenna,PK,Michigan State,19,0,0,9,875020768,Backup
94,Chase Gianacakos,OL,Michigan State,3,6,0,0,279176939,Backup
96,Jacub Panasiuk,DE,Michigan State,14,23,0,0,41525990,Backup
97,Justice Alexander,DE,Michigan State,4,6,0,0,231319464,Backup
97,Tyler Hunt,PK,Michigan State,11,0,0,5,700499197,Backup
98,Demetrius Cooper,DE,Michigan State,87,149,0,0,292810805,Starter
98,Cole Hahn,PK,Michigan State,18,0,0,7,551630273,Backup
99,Raequan Williams,DT,Michigan State,99,162,0,0,177240031,Starter
1,Tyler Lancaster,DL,Northwestern,68,88,0,0,519200971,Starter
2,Flynn Nagel,WR,Northwestern,89,0,4,0,603814926,Starter
3,Keith Watkins II,CB,Northwestern,7,6,0,0,183306516,Backup
4,JR Pace,DB,Northwestern,6,12,0,0,234882608,Backup
4,Solomon Vault,WR,Northwestern,20,0,0,0,514212942,Backup
5,Charlie Fessler,WR,Northwestern,16,0,0,0,231962110,Backup
6,Jelani Roberts,WR,Northwestern,11,0,0,0,760788731,Backup
7,Matt Alviti,QB,Northwestern,11,5,0,0,536260680,Backup
7,Marcus McShepard,DB,Northwestern,20,47,0,0,354109851,Backup
8,Auston Anderson,RB,Northwestern,1,1,0,0,877215706,Backup
9,Garrett Dickerson,TE,Northwestern,69,33,0,0,604210252,Starter
10,TJ Green,QB,Northwestern,3,0,0,0,510632799,Backup
10,Brett Walsh,LB,Northwestern,60,149,0,0,103901445,Starter
11,Aidan Smith,QB,Northwestern,9,6,0,0,507716153,Backup
11,Parrker Westphal,DB,Northwestern,18,37,0,0,838541268,Backup
12,Alonzo Mayo,DB,Northwestern,85,204,0,0,985579465,Starter
13,Warren Long,LB,Northwestern,1,2,0,0,364441751,Backup
13,Andrew Marty,QB,Northwestern,13,6,0,0,712353583,Backup
14,Charlie Kuhbander,PK,Northwestern,60,0,0,28,730223069,Starter
14,Lloyd Yates,WR,Northwestern,2,0,0,0,863182335,Backup
15,Macan Wilson,WR,Northwestern,100,0,8,0,493442593,Starter
16,Godwin Igwebuike,S,Northwestern,69,102,0,0,961850110,Starter
17,Jalen Brown,WR,Northwestern,6,0,0,0,363383082,Backup
17,Daniel Kubiuk,P,Northwestern,3,0,0,0,314187445,Backup
18,Cameron Ruiz,DB,Northwestern,7,14,0,0,344478281,Backup
18,Clayton Thorson,QB,Northwestern,82,19,10,0,537825536,Starter
19,Riley Lees,WR,Northwestern,77,0,12,0,180578687,Starter
20,John Moten IV,RB,Northwestern,16,33,5,0,756949009,Backup
21,Justin Jackson,RB,Northwestern,86,174,25,0,578707729,Starter
21,Kyle Queiro,S,Northwestern,85,122,0,0,656280589,Starter
22,Bryce Jackson,DB,Northwestern,2,3,0,0,391926431,Backup
23,Steven Reese,WR,Northwestern,0,0,0,0,732127723,Backup
23,Donovan Sermons,DB,Northwestern,9,19,0,0,676495446,Backup
24,Alex Bousky,WR,Northwestern,15,0,0,0,498670401,Backup
24,Montre Hartage,CB,Northwestern,89,75,0,0,898066300,Starter
25,Corey Acker,RB,Northwestern,1,1,0,0,399609107,Backup
25,Austin Hiller,DB,Northwestern,8,17,0,0,201882638,Backup
26,Brian Bullock,DB,Northwestern,12,26,0,0,957522583,Backup
26,Chad Hanaoka,RB,Northwestern,3,5,0,0,522202818,Backup
27,Roderick Campbell,DB,Northwestern,7,15,0,0,883698090,Backup
28,Jeremy Larkin,RB,Northwestern,15,26,4,0,943764210,Backup
29,Trae Williams,DB,Northwestern,13,31,0,0,813625038,Backup
31,Luke Otto,PK,Northwestern,98,0,0,51,779569581,Starter
32,Nate Hall,LB,Northwestern,85,228,0,0,752477890,Starter
33,Travis Whillock,DB,Northwestern,8,19,0,0,93596605,Backup
34,Chee Anyanwu,LB,Northwestern,10,25,0,0,765783732,Backup
34,Makay Redd,PK,Northwestern,16,0,0,8,564682241,Backup
35,Erik Mueller,LB,Northwestern,17,42,0,0,617999328,Backup
36,Jesse Brown,RB,Northwestern,7,15,1,0,511101516,Backup
37,Moe Almasri,DB,Northwestern,0,0,0,0,66999413,Backup
37,Cody Gronewold,P,Northwestern,0,0,0,0,50267600,Backup
38,Drew Luckenbaugh,PK,Northwestern,1,0,0,0,426581656,Backup
39,Mason Weissenhofer,PK,Northwestern,19,0,0,9,896297436,Backup
40,Peter McIntyre,LB,Northwestern,14,29,0,0,119982549,Backup
41,Jared McGee,S,Northwestern,1,1,0,0,470967410,Backup
42,Paddy Fisher,LB,Northwestern,81,198,0,0,30783282,Starter
43,Tyler Gillikin,LS,Northwestern,52,0,0,0,465368032,Starter
44,James Prather,TE,Northwestern,0,0,0,0,650336609,Backup
45,Nathan Fox,LB,Northwestern,15,31,0,0,521311209,Backup
46,Troy Hudetz,LB,Northwestern,14,32,0,0,811177904,Backup
46,Eric Lutzen,TE,Northwestern,6,1,0,0,55179439,Backup
47,Joe Bergin,DB,Northwestern,7,14,0,0,865196142,Backup
48,Peter Snodgrass,LS,Northwestern,18,0,0,0,366241910,Backup
49,Chris Bergin,LB,Northwestern,16,40,0,0,217399616,Backup
49,Trey Klock,OL,Northwestern,12,22,0,0,709162092,Backup
50,Samuel Gerak,OL,Northwestern,18,39,0,0,704279591,Backup
50,Jango Glackin,LB,Northwestern,17,33,0,0,832272563,Backup
51,Blake Gallagher,LB,Northwestern,2,3,0,0,686140873,Backup
54,Trent Goens,DL,Northwestern,0,0,0,0,906784678,Backup
55,Mark Gooden,DE,Northwestern,3,4,0,0,46328317,Backup
56,Xavier Washington,DE,Northwestern,8,13,0,0,64375224,Backup
57,Cam Kolwich,OL,Northwestern,8,16,0,0,412233456,Backup
58,Trevor Stroebel,LS,Northwestern,0,0,0,0,626499134,Backup
59,J.B. Butler,OL,Northwestern,66,140,0,0,843105549,Starter
61,Jason Goosen,OL,Northwestern,4,7,0,0,218237045,Backup
64,Andrew Otterman,OL,Northwestern,8,16,0,0,59876142,Backup
65,Jared Thomas,OL,Northwestern,16,32,0,0,985986135,Backup
66,Nik Urban,OL,Northwestern,16,32,0,0,520170566,Backup
69,Brad North,OL,Northwestern,61,126,0,0,288592881,Starter
70,Rashawn Slater,OL,Northwestern,54,104,1,0,272739221,Starter
71,Tommy Doles,OL,Northwestern,70,135,0,0,463279045,Starter
72,Blake Hance,OL,Northwestern,83,179,2,0,795843996,Starter
73,Gunnar Vogel,OL,Northwestern,14,30,0,0,724024224,Backup
74,Graham Bullmore,OL,Northwestern,4,7,0,0,639365436,Backup
75,Ben Oxley,DL,Northwestern,3,4,0,0,924957352,Backup
76,Ethan Wiederkehr,OL,Northwestern,1,2,0,0,905901549,Backup
77,Jesse Meyler,OL,Northwestern,7,13,0,0,55593088,Backup
78,Adam Lemke-Bell,OL,Northwestern,16,25,0,0,992511709,Backup
80,Trey Pugh,TE,Northwestern,10,6,0,0,245490326,Backup
81,Ramaud Chiaokhiao-Bowman,WR,Northwestern,3,0,0,0,196942065,Backup
82,Jace James,WR,Northwestern,1,0,0,0,842224554,Backup
82,Alex Oelsner,TE,Northwestern,9,3,0,0,677121606,Backup
83,Will Lansbury,WR,Northwestern,16,0,1,0,172403661,Backup
83,Heath Reineke,TE,Northwestern,9,4,0,0,214753359,Backup
84,Cameron Green,TE,Northwestern,8,7,0,0,539000933,Backup
85,Jackson Tirmonia,WR,Northwestern,11,0,0,0,599745486,Backup
86,Cody Link,TE,Northwestern,13,10,0,0,562308285,Backup
86,Kyric McGowan,WR,Northwestern,16,0,0,0,503946160,Backup
87,Eric Eshoo,TE,Northwestern,1,0,0,0,3414177,Backup
87,Trevor Kent,DE,Northwestern,2,2,0,0,879564974,Backup
88,Bennett Skowronek,WR,Northwestern,65,0,0,0,22500659,Starter
89,Berkeley Holman,WR,Northwestern,1,0,0,0,668242981,Backup
90,Jake Saunders,DT,Northwestern,5,8,0,0,64134947,Backup
91,Sam Miller,DL,Northwestern,74,114,0,0,794768737,Starter
92,Fred Wyatt,DL,Northwestern,13,16,0,0,200428168,Backup
93,Joe Spivak,DL,Northwestern,14,17,0,0,380343813,Backup
94,Tommy Carnifax,DE,Northwestern,16,25,0,0,821793055,Backup
95,Alex Miller,DL,Northwestern,8,10,0,0,697454707,Backup
96,Hunter Niswander,P,Northwestern,60,0,0,0,36810552,Starter
97,Joe Gaziano,DL,Northwestern,58,64,0,0,456836093,Starter
98,Earnest Brown IV,DE,Northwestern,0,0,0,0,822480936,Backup
99,Jordan Thompson,DL,Northwestern,87,78,0,0,749673420,Starter
1,D.J. Knox,RB,Purdue,84,117,31,0,3467973,Starter
1,Dedrick Mackey,CB,Purdue,14,10,0,0,187015040,Backup
2,Da'Wan Hunte,CB,Purdue,58,51,0,0,44279485,Starter
2,Elijah Sindelar,QB,Purdue,13,8,1,0,917711495,Backup
3,DJ Edwards,WR,Purdue,2,0,0,0,888138284,Backup
3,Kamal Hardy,CB,Purdue,18,16,0,0,677234135,Backup
4,Ja'Whaun Bentley,LB,Purdue,69,135,0,0,503765352,Starter
4,Corey Holmes,WR,Purdue,0,0,0,0,210053869,Backup
5,Griffin Alstott,QB,Purdue,12,4,1,0,894235040,Backup
5,T.J. Jallow,S,Purdue,1,1,0,0,669322473,Backup
6,Tyler Hamilton,WR,Purdue,11,0,0,0,572272011,Backup
6,T.J. McCollum,LB,Purdue,69,162,0,0,546330727,Starter
7,Eddy Wilson,DT,Purdue,7,12,0,0,808687560,Backup
7,Isaac Zico,WR,Purdue,6,0,0,0,655222945,Backup
8,Markell Jones,RB,Purdue,17,38,6,0,409720504,Backup
8,Josh Okonye,CB,Purdue,56,45,0,0,53194006,Starter
9,Lorenzo Neal,DT,Purdue,90,142,0,0,999757541,Starter
9,Terry Wright,WR,Purdue,12,0,0,0,665708758,Backup
10,Mike Little,CB,Purdue,7,5,0,0,52970742,Backup
10,Gregory Phillips,WR,Purdue,66,0,4,0,998591866,Starter
11,David Blough,QB,Purdue,64,12,8,0,402059186,Starter
11,Antoine Miles,DE,Purdue,16,24,0,0,768319784,Backup
12,Jared Sparks,QB,Purdue,13,7,0,0,975551225,Backup
13,Spencer Evans,PK,Purdue,91,0,0,42,882340758,Starter
13,Aidan O'Connell,QB,Purdue,8,3,0,0,933265719,Backup
13,Gelen Robinson,DE,Purdue,56,76,0,0,961340076,Starter
14,Antonio Blackmon,CB,Purdue,12,10,0,0,457539924,Backup
14,Danny Carollo,QB,Purdue,10,3,1,0,558340892,Backup
16,Garrett Hudson,LB,Purdue,5,10,0,0,796730605,Backup
17,Cornel Jones,LB,Purdue,10,24,0,0,24593388,Backup
17,Nick Sipe,QB,Purdue,20,13,3,0,25115291,Backup
18,KeyRon Catlett,WR,Purdue,4,0,0,0,193808580,Backup
18,Cameron Northern,QB,Purdue,20,15,2,0,506944698,Backup
19,Aaron Banks,QB,Purdue,4,1,0,0,964189578,Backup
20,Benaiah Franklin,WR,Purdue,5,0,0,0,400848093,Backup
20,Kenneth Major,CB,Purdue,16,15,0,0,104716995,Backup
21,Markus Bailey,LB,Purdue,74,169,0,0,115762988,Starter
21,Anthony Mahoungou,WR,Purdue,98,0,3,0,840448409,Starter
22,Sawyer Dawson,LB,Purdue,11,22,0,0,543104967,Backup
23,Josh Hayes,CB,Purdue,19,18,0,0,618240664,Backup
24,Tim Cason,CB,Purdue,9,7,0,0,849734918,Backup
25,Tario Fuller,RB,Purdue,18,36,4,0,386596455,Backup
25,Brandon Shuman,CB,Purdue,7,5,0,0,796079705,Backup
26,Carter McGinnis,RB,Purdue,13,26,4,0,712767406,Backup
26,C.J. Parker,S,Purdue,4,6,0,0,610761032,Backup
27,Navon Mosley,S,Purdue,65,96,0,0,965866929,Starter
28,Jacob Abrams,CB,Purdue,20,13,0,0,559560787,Backup
29,Simeon Smiley,CB,Purdue,6,3,0,0,282251530,Backup
30,Tobias Larry,LB,Purdue,17,40,0,0,308106108,Backup
31,Robert McWilliams,DE,Purdue,6,9,0,0,451360642,Backup
31,Joe Schopper,P,Purdue,63,0,0,0,928447277,Starter
32,Jack Wegher,RB,Purdue,8,15,2,0,986781401,Backup
33,Jackson Anthrop,WR,Purdue,90,0,2,0,887681354,Starter
34,Jonah Williams,LB,Purdue,12,26,0,0,938797121,Backup
34,Richie Worship,RB,Purdue,82,126,27,0,715794945,Starter
35,Wes Cook,S,Purdue,7,11,0,0,713792720,Backup
36,Danny Ezechukwu,LB,Purdue,57,139,0,0,999465115,Starter
37,Brian Lankford-Johnson,RB,Purdue,10,24,2,0,567614551,Backup
38,Zac Collins,PK,Purdue,4,0,0,1,210441604,Backup
38,Brennan Thieneman,S,Purdue,5,7,0,0,122445279,Backup
39,Zach Randall,LB,Purdue,9,22,0,0,345363778,Backup
40,Ronnie Hill,S,Purdue,11,16,0,0,684788596,Backup
40,Alexander Horvath,RB,Purdue,4,8,1,0,327497036,Backup
41,Jacob Thieneman,S,Purdue,70,117,0,0,705973053,Starter
42,Brian Bravo,PK,Purdue,13,0,0,7,111589300,Backup
42,David Day,CB,Purdue,11,7,0,0,309636196,Backup
43,Andy Chelf,S,Purdue,20,28,0,0,200336239,Backup
43,Myles Homan,PK,Purdue,17,0,0,9,712703932,Backup
44,Anthony Watts,DT,Purdue,4,5,0,0,412002037,Backup
45,Lane Beeler,RB,Purdue,9,16,2,0,386483353,Backup
45,Austin Larkin,DE,Purdue,68,98,0,0,687361428,Starter
46,Race Johnson,CB,Purdue,19,15,0,0,756170609,Backup
47,Ben Makowski,LS,Purdue,51,0,0,0,385352439,Starter
48,Ryan Sadkowski,LS,Purdue,1,0,0,0,95135412,Backup
48,Rob Simmons,LB,Purdue,2,4,0,0,480936482,Backup
49,Dennis Johnson,S,Purdue,16,28,0,0,603896731,Backup
50,Keiwan Jones,DT,Purdue,8,10,0,0,896464765,Backup
50,Bearooz Yacoobi,OL,Purdue,12,25,0,0,603343506,Backup
51,Bryce Brown,OL,Purdue,12,26,0,0,143542387,Backup
52,Tanner Hawthorne,OT,Purdue,3,8,0,0,555628372,Backup
53,Kirk Barron,C,Purdue,100,442,0,0,676329489,Starter
54,Mike Zeigler,DE,Purdue,9,15,0,0,776668969,Backup
55,Derrick Barnes,LB,Purdue,5,11,0,0,837222747,Backup
55,Michael Mendez,OL,Purdue,3,5,0,0,14211545,Backup
56,Viktor Beach,OL,Purdue,0,0,0,0,486665423,Backup
57,Semisi Fakasiieiki,LB,Purdue,16,39,0,0,788654078,Backup
58,Ryan Flaherty,OL,Purdue,10,21,0,0,883996635,Backup
60,Eric Swingler,OL,Purdue,58,128,0,0,650079644,Starter
64,Eric Ferguson,OL,Purdue,19,39,0,0,309372957,Backup
65,Marc Roland,OL,Purdue,14,25,1,0,260383961,Backup
66,Alex Criddle,DT,Purdue,6,6,0,0,189885217,Backup
68,Peyton Truitt,OL,Purdue,19,36,1,0,627923125,Backup
70,Dave Steinmetz,OL,Purdue,51,98,1,0,162241715,Starter
71,Sam Loebig,OL,Purdue,4,8,0,0,64606373,Backup
72,Jalen Jackson,OL,Purdue,3,5,0,0,213268986,Backup
73,Ethan Smart,OL,Purdue,11,21,0,0,568128472,Backup
74,Graham Keller,OL,Purdue,9,16,0,0,680313493,Backup
75,Shane Evans,OL,Purdue,98,225,2,0,192424674,Starter
76,Mark Stickford,OL,Purdue,11,25,0,0,6526892,Backup
77,D.J. Washington,OL,Purdue,3,6,0,0,271818743,Backup
78,Grant Hermanns,OL,Purdue,8,14,0,0,680215759,Backup
79,Matt McCann,OL,Purdue,64,131,0,0,638761320,Starter
80,Jarrett Burgess,WR,Purdue,15,0,0,0,966427387,Backup
81,Darius Pittman,TE,Purdue,10,9,0,0,585617544,Backup
82,Wade Buckman,TE,Purdue,11,9,0,0,921516988,Backup
83,Malcolm Dotson,WR,Purdue,2,0,0,0,632248760,Backup
84,Jess Trussell,TE,Purdue,3,1,0,0,152216747,Backup
85,J.D. Dellinger,PK,Purdue,79,0,0,38,252317339,Starter
86,Noah Ellison,WR,Purdue,10,0,0,0,507627523,Backup
87,Ryan James,WR,Purdue,6,0,0,0,289762403,Backup
88,Cole Herdman,TE,Purdue,57,33,0,0,963296869,Starter
89,Brycen Hopkins,TE,Purdue,10,6,0,0,60864637,Backup
91,Chazmyn Turner,DE,Purdue,18,22,0,0,681356433,Backup
92,Giovanni Reviere,DE,Purdue,11,16,0,0,908939577,Backup
94,Allen Daniels,DT,Purdue,6,9,0,0,20112122,Backup
96,Ray Ellis,DT,Purdue,11,20,0,0,934988876,Backup
96,Jake Herr,P,Purdue,15,0,0,0,158711082,Backup
97,Brooks Royal,LS,Purdue,9,0,0,0,282429940,Backup
98,Kai Higgins,DE,Purdue,1,1,0,0,920837673,Backup
1,Christian Campbell,CB,Penn State,57,57,0,0,200049586,Starter
1,KJ Hamler,WR,Penn State,17,0,0,0,659418746,Backup
2,Marcus Allen,S,Penn State,76,118,0,0,872812943,Starter
2,Tommy Stevens,QB,Penn State,14,8,1,0,109182063,Backup
3,Donovan Johnson,CB,Penn State,17,13,0,0,713089178,Backup
3,DeAndre Thompkins,WR,Penn State,57,0,0,0,271805565,Starter
4,Nick Scott,S,Penn State,16,21,0,0,848986907,Backup
5,Tariq Castro-Fields,CB,Penn State,14,16,0,0,2693003,Backup
5,DaeSean Hamilton,WR,Penn State,77,0,0,0,507173192,Starter
6,Cam Brown,LB,Penn State,8,18,0,0,853448475,Backup
6,Andre Robinson,RB,Penn State,16,29,5,0,230359194,Backup
7,Koa Farmer,LB,Penn State,84,196,0,0,407158199,Starter
7,Jake Zembiec,QB,Penn State,8,4,1,0,509283325,Backup
8,Mark Allen,RB,Penn State,2,3,0,0,629860266,Backup
9,Trace McSorley,QB,Penn State,50,24,4,0,941416533,Starter
9,Jarvis Miller,LB,Penn State,4,10,0,0,116758227,Backup
10,Brandon Polk,WR,Penn State,15,0,1,0,669586172,Backup
11,Irvin Charles,WR,Penn State,15,0,1,0,7655529,Backup
12,Desi Davis,CB,Penn State,9,8,0,0,309489352,Backup
12,Mac Hippenhammer,WR,Penn State,15,0,1,0,177047664,Backup
13,Saeed Blacknall,WR,Penn State,20,0,0,0,3359437,Backup
13,Ellis Brooks,LB,Penn State,17,35,0,0,951967547,Backup
14,Sean Clifford,QB,Penn State,13,5,1,0,824754533,Backup
14,Zech McPhearson,CB,Penn State,12,13,0,0,121301625,Backup
15,Grant Haley,CB,Penn State,93,84,0,0,370439815,Starter
15,Michael Shuster,QB,Penn State,1,0,0,0,168321526,Backup
16,Billy Fessler,QB,Penn State,75,37,9,0,864339125,Starter
16,John Petrishen,S,Penn State,20,29,0,0,174672393,Backup
17,Garrett Taylor,S,Penn State,13,22,0,0,202991793,Backup
18,Jonathan Holland,TE,Penn State,20,15,0,0,601712082,Backup
18,Shaka Toney,DE,Penn State,10,16,0,0,708714054,Backup
19,Torrence Brown,DE,Penn State,18,24,0,0,729521880,Backup
20,Jabari Butler,CB,Penn State,9,8,0,0,879007491,Backup
20,Johnathan Thomas,RB,Penn State,10,18,2,0,45177678,Backup
21,Amani Oruwariye,CB,Penn State,14,15,0,0,167332850,Backup
23,Ayron Monroe,S,Penn State,3,5,0,0,847221301,Backup
24,DJ Brown,CB,Penn State,17,11,0,0,893071469,Backup
24,Miles Sanders,RB,Penn State,10,19,2,0,207042042,Backup
25,Brelin Faison-Walden,LB,Penn State,19,43,0,0,663333138,Backup
26,Saquon Barkley,RB,Penn State,76,126,22,0,434256191,Starter
26,Jonathan Sutherland,S,Penn State,0,0,0,0,281816366,Backup
28,Troy Apke,S,Penn State,62,118,0,0,598938265,Starter
29,John Reid,CB,Penn State,11,12,0,0,849766142,Backup
30,Kevin Givens,DT,Penn State,8,10,0,0,503404395,Backup
31,Christopher Welde,WR,Penn State,17,0,0,0,51036652,Backup
32,Journey Brown,RB,Penn State,13,23,3,0,442125725,Backup
32,Mitchell Vallone,S,Penn State,16,24,0,0,983246609,Backup
33,Jake Cooper,LB,Penn State,7,13,0,0,482295737,Backup
34,Shane Simmons,DE,Penn State,17,25,0,0,547542959,Backup
35,Justin Neff,S,Penn State,19,24,0,0,521462539,Backup
36,Jan Johnson,LB,Penn State,3,6,0,0,779081978,Backup
37,Drew Hartlaub,S,Penn State,13,16,0,0,330063000,Backup
38,Lamont Wade,CB,Penn State,8,7,0,0,272863227,Backup
39,Frank Di Leo,LB,Penn State,10,19,0,0,641859436,Backup
39,Josh McPhearson,RB,Penn State,8,15,2,0,201603376,Backup
40,Jason Cabinda,LB,Penn State,66,158,0,0,553968744,Starter
40,Nick Eury,RB,Penn State,9,19,2,0,778530039,Backup
41,Joe Arcangelo,TE,Penn State,8,4,0,0,709418787,Backup
41,Parker Cothren,DT,Penn State,85,123,0,0,903419280,Starter
42,Ellison Jordan,DT,Penn State,16,29,0,0,268628244,Backup
43,Manny Bowen,LB,Penn State,56,132,0,0,879058508,Starter
44,Brailyn Franklin,LB,Penn State,19,40,0,0,960844498,Backup
45,Joe DuMond,LB,Penn State,16,36,0,0,396623005,Backup
46,Colin Castagna,DE,Penn State,0,0,0,0,241825420,Backup
47,Will Blair,S,Penn State,1,1,0,0,109087238,Backup
47,Brandon Smith,LB,Penn State,12,27,0,0,92315254,Backup
48,Shareef Miller,DE,Penn State,67,126,0,0,73812337,Starter
49,Daniel Joseph,DE,Penn State,12,20,0,0,140498501,Backup
50,Max Chizmar,LB,Penn State,5,12,0,0,98084587,Backup
51,Alex Gellerstedt,OL,Penn State,16,31,0,0,622438441,Backup
51,Jason Vranic,LB,Penn State,5,10,0,0,109632810,Backup
52,Ryan Bates,OL,Penn State,50,105,0,0,209727607,Starter
52,Curtis Cothran,DT,Penn State,88,117,0,0,924773013,Starter
53,Fred Hansard,DT,Penn State,4,6,0,0,291058785,Backup
54,Robert Windsor,DT,Penn State,3,5,0,0,177398756,Backup
55,Antonio Shelton,DT,Penn State,4,5,0,0,46022899,Backup
56,Tyrell Chavis,DT,Penn State,19,30,0,0,8544286,Backup
58,Evan Presta,DT,Penn State,5,6,0,0,840735442,Backup
59,Andrew Nelson,OL,Penn State,13,31,0,0,596693368,Backup
61,C.J. Thorpe,OL,Penn State,17,35,1,0,354113405,Backup
62,Michal Menet,OL,Penn State,12,22,0,0,853261480,Backup
64,Zach Simpson,OL,Penn State,16,32,0,0,29888803,Backup
65,Crae McCracken,OL,Penn State,9,20,0,0,146324018,Backup
66,Connor McGovern,OL,Penn State,91,179,0,0,400775702,Starter
68,Hunter Kelly,OL,Penn State,1,1,0,0,193218674,Backup
70,Brendan Mahon,OL,Penn State,90,180,0,0,453834998,Starter
71,Will Fries,OL,Penn State,81,166,0,0,604435221,Starter
72,Robbie Martin,OL,Penn State,10,17,0,0,224665576,Backup
73,Mike Miranda,OL,Penn State,2,4,0,0,219081675,Backup
74,Steven Gonzalez,OL,Penn State,57,124,2,0,794627840,Starter
75,Des Holmes,OL,Penn State,15,33,0,0,665021200,Backup
76,Sterling Jenkins,OL,Penn State,15,28,0,0,73849352,Backup
77,Chasz Wright,OL,Penn State,6,14,0,0,952342606,Backup
79,Charlie Shuman,OL,Penn State,8,15,0,0,163031764,Backup
80,Danny Dalton,TE,Penn State,5,3,0,0,774701814,Backup
80,Justin Weller,WR,Penn State,0,0,0,0,533392263,Backup
81,Cam Sullivan-Brown,WR,Penn State,19,0,0,0,703888241,Backup
82,Tyler Shoop,WR,Penn State,2,0,0,0,169249832,Backup
83,Nick Bowers,TE,Penn State,14,9,0,0,548979424,Backup
83,Alex Hoenstine,WR,Penn State,18,0,0,0,457894333,Backup
84,Juwan Johnson,WR,Penn State,72,0,3,0,760283859,Starter
85,Isaac Lutz,WR,Penn State,1,0,0,0,393874365,Backup
86,Cody Hodgens,WR,Penn State,1,0,0,0,239680689,Backup
87,Dae'Lun Darien,WR,Penn State,14,0,1,0,109214357,Backup
88,Mike Gesicki,TE,Penn State,57,29,0,0,274908959,Starter
89,Colton Maxwell,WR,Penn State,14,0,1,0,317392116,Backup
89,Tom Pancoast,TE,Penn State,7,4,0,0,368014764,Backup
90,Damion Barber,DE,Penn State,8,13,0,0,726034652,Backup
90,Alex Barbir,PK,Penn State,9,0,0,5,827361522,Backup
91,Ryan Monk,DT,Penn State,15,21,0,0,851549310,Backup
91,Chris Stoll,LS,Penn State,14,0,0,0,876779852,Backup
92,Corey Bolds,DT,Penn State,19,31,0,0,35033752,Backup
92,Daniel Pasquariello,P,Penn State,2,0,0,0,695358044,Backup
93,Blake Gillikin,PK,Penn State,91,0,0,44,883021298,Starter
94,Joe Calcagno,LS,Penn State,2,0,0,0,662259112,Backup
95,Tyler Davis,PK,Penn State,59,0,0,27,260231108,Starter
96,Immanuel Iyke,DT,Penn State,0,0,0,0,532113375,Backup
96,Kyle Vasey,LS,Penn State,63,0,0,0,905384317,Starter
97,Ryan Buchholz,DE,Penn State,58,98,0,0,218175016,Starter
97,Carson Landis,PK,Penn State,14,0,0,6,52582974,Backup
98,Mike Curry,LS,Penn State,9,0,0,0,301440294,Backup
98,Dan Vasey,DL,Penn State,7,6,0,0,554235259,Backup
99,Nick DeAngelis,PK,Penn State,0,0,0,0,301861665,Backup
99,Yetur Gross-Matos,DE,Penn State,14,18,0,0,418013573,Backup
2,Patrick Johnson,S,Wisconsin,2,2,0,0,948837720,Backup
3,Kendric Pryor,WR,Wisconsin,2,0,0,0,346188393,Backup
4,A.J. Taylor,WR,Wisconsin,54,0,0,0,85168092,Starter
5,Garret Dooley,LB,Wisconsin,51,122,0,0,997690165,Starter
5,Chris James,RB,Wisconsin,18,31,6,0,307330943,Backup
6,Danny Davis III,WR,Wisconsin,17,0,1,0,410783736,Backup
7,Bradrick Shaw,RB,Wisconsin,3,5,0,0,480894642,Backup
8,Joe Ferguson,S,Wisconsin,2,3,0,0,199737379,Backup
9,Rachid Ibrahim,RB,Wisconsin,14,27,2,0,149236437,Backup
10,Jack Coan,QB,Wisconsin,3,2,0,0,293936409,Backup
10,Seth Currens,S,Wisconsin,13,20,0,0,455256364,Backup
11,Nick Nelson,CB,Wisconsin,92,51,0,0,181354976,Starter
11,Jazz Peavy,WR,Wisconsin,17,0,1,0,28876107,Backup
12,Alex Hornibrook,QB,Wisconsin,64,45,6,0,695854906,Starter
12,Natrell Jamerson,S,Wisconsin,84,119,0,0,655103765,Starter
13,Evan Bondoc,S,Wisconsin,0,0,0,0,596494564,Backup
14,D'Cota Dixon,S,Wisconsin,97,137,0,0,682037922,Starter
15,Anthony Lotti,P,Wisconsin,81,0,0,0,635528509,Starter
15,Danny Vanden Boom,QB,Wisconsin,11,7,1,0,563179901,Backup
16,Jack Dunn,WR,Wisconsin,15,0,0,0,242879737,Backup
17,George Rushing,WR,Wisconsin,17,0,0,0,894416118,Backup
17,Andrew Van Ginkel,LB,Wisconsin,4,9,0,0,975326285,Backup
18,Arrington Farrar,LB,Wisconsin,14,33,0,0,264461477,Backup
19,Titus Booker,CB,Wisconsin,5,4,0,0,318715094,Backup
19,Kare Lyles,QB,Wisconsin,1,0,0,0,244450376,Backup
20,Faion Hicks,CB,Wisconsin,10,5,0,0,422424288,Backup
20,Austin Ramesh,FB,Wisconsin,68,142,4,0,858558444,Starter
21,Mark Saari,RB,Wisconsin,11,16,3,0,934020843,Backup
21,Caesar Williams,CB,Wisconsin,8,11,0,0,384256924,Backup
22,Cade Green,WR,Wisconsin,1,0,0,0,168733841,Backup
23,Mason Stokke,LB,Wisconsin,5,11,0,0,826660537,Backup
23,Jonathan Taylor,RB,Wisconsin,56,109,17,0,953694492,Starter
24,Madison Cone,CB,Wisconsin,16,13,0,0,256455025,Backup
24,Adam Krumholz,WR,Wisconsin,3,0,0,0,860211614,Backup
25,Scott Nelson,S,Wisconsin,4,6,0,0,382174640,Backup
25,Derrick Tindal,CB,Wisconsin,57,57,0,0,827945231,Starter
26,Eric Burrell,S,Wisconsin,1,1,0,0,425077819,Backup
26,Chris Clementi,DB,Wisconsin,5,10,0,0,672371753,Backup
27,Rafael Gaglianone,PK,Wisconsin,64,0,0,31,424497666,Starter
27,Cristian Volpentesta,CB,Wisconsin,13,12,0,0,812837599,Backup
28,Taiwan Deal,RB,Wisconsin,7,14,2,0,824424096,Backup
28,Blake Mielke,S,Wisconsin,17,27,0,0,20825666,Backup
29,Dontye Carriere-Williams,CB,Wisconsin,1,0,0,0,190457688,Backup
30,Aaron Maternowski,FB,Wisconsin,16,37,2,0,480827400,Backup
30,Coy Wanner,TE,Wisconsin,13,7,0,0,941086670,Backup
31,Lubern Figaro,CB,Wisconsin,1,1,0,0,159152370,Backup
31,Tyler Mais,S,Wisconsin,19,24,0,0,590765023,Backup
32,Jake Collinsworth,LB,Wisconsin,19,48,0,0,958077995,Backup
32,Leon Jacobs,LB,Wisconsin,72,146,0,0,107631892,Starter
34,Sam Brodner,RB,Wisconsin,15,26,4,0,898472533,Backup
34,Chikwe Obasih,DE,Wisconsin,8,12,0,0,140605135,Backup
36,Hunter Johnson,RB,Wisconsin,10,18,3,0,964017701,Backup
36,Kobe Knaak,S,Wisconsin,2,2,0,0,263928962,Backup
37,Ethan Cesarz,LB,Wisconsin,17,43,0,0,679571215,Backup
37,Garrett Groshek,RB,Wisconsin,14,21,4,0,129644874,Backup
38,Sam DeLany,WR,Wisconsin,16,0,0,0,646156637,Backup
38,P.J. Rosowski,P,Wisconsin,52,0,0,0,30937090,Starter
39,Zach Hintze,PK,Wisconsin,6,0,0,2,914010312,Backup
39,Jake Whalen,FB,Wisconsin,16,37,3,0,931441613,Backup
41,Noah Burks,LB,Wisconsin,15,35,0,0,84198006,Backup
41,Paul Jackson,WR,Wisconsin,10,0,1,0,784257020,Backup
43,Ryan Connelly,LB,Wisconsin,20,40,0,0,465055088,Backup
43,Peter Roy,WR,Wisconsin,3,0,0,0,804081567,Backup
45,Alec Ingold,FB,Wisconsin,2,5,0,0,459611074,Backup
45,Hegeman Tiedt,LB,Wisconsin,10,23,0,0,749380510,Backup
46,Gabe Lloyd,TE,Wisconsin,14,10,0,0,169258375,Backup
46,Nick Thomas,LB,Wisconsin,1,2,0,0,788330615,Backup
47,Griffin Grady,LB,Wisconsin,19,41,0,0,96602277,Backup
48,Jack Cichy,LB,Wisconsin,55,139,0,0,401117025,Starter
49,Kyle Penniston,TE,Wisconsin,5,4,0,0,214518162,Backup
50,Izayah Green-May,LB,Wisconsin,17,35,0,0,809855171,Backup
51,Adam Bay,LS,Wisconsin,92,0,0,0,803301535,Starter
52,Jacob Maxwell,OL,Wisconsin,13,21,0,0,504981714,Backup
52,David Pfaff,DE,Wisconsin,19,31,0,0,989363699,Backup
53,T.J. Edwards,LB,Wisconsin,97,192,0,0,561474611,Starter
54,Chris Orr,LB,Wisconsin,70,151,0,0,827969456,Starter
55,Christian Bell,LB,Wisconsin,15,36,0,0,681412283,Backup
56,Zack Baun,LB,Wisconsin,16,37,0,0,384557292,Backup
57,Michael Balistreri,DE,Wisconsin,4,6,0,0,375495605,Backup
57,Alec James,DE,Wisconsin,78,130,0,0,845005016,Starter
58,Mike Maskalunas,LB,Wisconsin,0,0,0,0,802708719,Backup
59,Tyler Johnson,LB,Wisconsin,7,13,0,0,505026456,Backup
60,Logan Bruss,OL,Wisconsin,18,37,1,0,853938136,Backup
61,Tyler Biadasz,OL,Wisconsin,85,164,0,0,420968233,Starter
62,Patrick Kasl,OL,Wisconsin,20,38,0,0,864630920,Backup
63,Michael Deiter,OL,Wisconsin,71,123,0,0,73930059,Starter
64,Brett Connors,OL,Wisconsin,8,16,0,0,339581148,Backup
65,Tyler Beach,OL,Wisconsin,19,39,0,0,244176644,Backup
66,Beau Benzschawel,OL,Wisconsin,56,120,3,0,808181367,Starter
67,Jon Dietzen,OL,Wisconsin,58,97,0,0,946162959,Starter
68,David Moorman,OL,Wisconsin,18,40,1,0,623052400,Backup
69,Aaron Vopal,DE,Wisconsin,12,16,0,0,379709294,Backup
70,Josh Seltzner,OL,Wisconsin,14,30,0,0,406796535,Backup
71,Cole Van Lanen,OL,Wisconsin,8,18,0,0,559696801,Backup
73,Alex Fenton,OL,Wisconsin,3,5,0,0,773133875,Backup
74,Gunnar Roberge,NT,Wisconsin,1,1,0,0,180253669,Backup
75,Micah Kapoi,OL,Wisconsin,5,10,0,0,540476842,Backup
76,Kayden Lyles,OL,Wisconsin,8,16,0,0,596376160,Backup
77,Blake Smithback,OL,Wisconsin,3,6,0,0,621804687,Backup
78,Jason Erdmann,OL,Wisconsin,8,16,0,0,82824452,Backup
79,David Edwards,OL,Wisconsin,91,199,2,0,764509954,Starter
81,Troy Fumagalli,TE,Wisconsin,0,0,0,0,294714093,Backup
82,Emmet Perry,WR,Wisconsin,2,0,0,0,497067743,Backup
84,Jake Ferguson,TE,Wisconsin,10,5,0,0,841510231,Backup
85,Zander Neuville,TE,Wisconsin,3,2,0,0,441472215,Backup
86,Luke Benzschawel,TE,Wisconsin,8,5,0,0,349025820,Backup
87,Quintez Cephus,WR,Wisconsin,68,0,0,0,507978184,Starter
89,Deron Harrell,WR,Wisconsin,2,0,0,0,479069805,Backup
90,Connor Allen,P,Wisconsin,75,0,0,0,542268638,Starter
91,Josh Bernhagen,LS,Wisconsin,6,0,0,0,676974854,Backup
93,Garrett Rand,DE,Wisconsin,12,11,0,0,456947068,Backup
94,Matt Henningsen,DE,Wisconsin,20,29,0,0,824200682,Backup
94,Conor Sheehy,DE,Wisconsin,67,106,0,0,849203917,Starter
95,Keldric Preston,DE,Wisconsin,13,23,0,0,411837279,Backup
96,Billy Hirschfeld,DE,Wisconsin,15,25,0,0,966595074,Backup
97,Isaiahh Loudermilk,DE,Wisconsin,3,3,0,0,309467913,Backup
98,Kraig Howe,DE,Wisconsin,7,10,0,0,444213961,Backup
98,Collin Larsh,PK,Wisconsin,7,0,0,3,560432032,Backup
99,Olive Sagapolu,NT,Wisconsin,80,102,0,0,259929897,Starter
1,Lamar Jackson,DB,Nebraska,8,15,0,0,658170765,Backup
1,Tyjon Lindsey,WR,Nebraska,12,0,0,0,572166826,Backup
2,Tony Butler,DB,Nebraska,14,30,0,0,793990197,Backup
2,Zack Darlington,WR,Nebraska,53,0,0,0,448047965,Starter
3,Marcus Newby,LB,Nebraska,18,41,0,0,450437019,Backup
4,Avery Anderson,DB,Nebraska,9,20,0,0,917053088,Backup
4,Jaevon McQuitty,WR,Nebraska,14,0,1,0,84665104,Backup
5,Dedrick Young II,LB,Nebraska,79,162,0,0,331276462,Starter
6,Eric Lee Jr.,DB,Nebraska,19,40,0,0,173468279,Backup
7,Mohamed Barry,LB,Nebraska,3,5,0,0,173806747,Backup
8,Chris Jones,CB,Nebraska,50,49,0,0,912872650,Starter
8,Stanley Morgan Jr.,WR,Nebraska,71,0,0,0,209380821,Starter
9,DaiShon Neal,DL,Nebraska,10,14,0,0,625663596,Backup
9,Keyan Williams,WR,Nebraska,6,0,0,0,781858626,Backup
10,Joshua Kalu,DB,Nebraska,18,45,0,0,109212096,Backup
10,JD Spielman,WR,Nebraska,97,0,7,0,741848588,Starter
11,Austin Allen,TE,Nebraska,1,0,0,0,209361485,Backup
11,Boaz Joseph,DB,Nebraska,5,11,0,0,969424656,Backup
12,Luke Gifford,LB,Nebraska,55,129,0,0,454075789,Starter
12,Patrick O'Brien,QB,Nebraska,4,2,0,0,655819688,Backup
13,JoJo Domann,DB,Nebraska,11,23,0,0,979671872,Backup
13,Tanner Lee,QB,Nebraska,51,33,5,0,174792957,Starter
14,Tristan Gebbia,QB,Nebraska,13,1,2,0,791497623,Backup
15,De'Mornay Pierson-El,WR,Nebraska,66,0,7,0,186082179,Starter
15,Avery Roberts,LB,Nebraska,16,40,0,0,70210535,Backup
16,Andrew Bunch,QB,Nebraska,10,2,0,0,926857473,Backup
16,Ethan Cox,QB,Nebraska,12,4,1,0,192179611,Backup
16,Antonio Reed,DB,Nebraska,15,33,0,0,593961818,Backup
17,Sedrick King,LB,Nebraska,10,23,0,0,903190465,Backup
18,Tre Bryant,RB,Nebraska,2,3,0,0,247158975,Backup
18,Guy Thomas,DE,Nebraska,5,6,0,0,933734754,Backup
19,Marquel Dismuke,DB,Nebraska,10,25,0,0,866503740,Backup
21,Mikale Wilbon,RB,Nebraska,60,98,19,0,112263453,Starter
22,Alex Davis,LB,Nebraska,91,192,0,0,987986818,Starter
22,Devine Ozigbo,RB,Nebraska,55,107,15,0,306265330,Starter
23,Dicaprio Bootle,DB,Nebraska,0,0,0,0,829703172,Backup
23,Austin Rose,RB,Nebraska,2,4,0,0,527296193,Backup
24,Sean Lambert,RB,Nebraska,18,35,5,0,873406545,Backup
24,Aaron Williams,DB,Nebraska,57,136,0,0,111394618,Starter
26,Thomas Connely,LB,Nebraska,18,38,0,0,576468072,Backup
26,Kieron Williams,DB,Nebraska,9,19,0,0,389653036,Backup
28,Eli Sullivan,DB,Nebraska,4,8,0,0,503761058,Backup
28,Adam Taylor,RB,Nebraska,1,2,0,0,778972951,Backup
29,Ben Miles,FB,Nebraska,20,52,2,0,459281321,Backup
30,Quayshon Alexander,LB,Nebraska,14,33,0,0,3092486,Backup
30,Bo Kitrell,TE,Nebraska,13,6,0,0,228705474,Backup
31,Kade Warner,WR,Nebraska,6,0,0,0,617520156,Backup
31,Conor Young,WR,Nebraska,1,0,0,0,278772519,Backup
32,Tanner Hass,RB,Nebraska,20,36,6,0,858355204,Backup
32,Pernell Jefferson,LB,Nebraska,18,34,0,0,228327904,Backup
33,Jaylin Bradley,RB,Nebraska,14,25,4,0,764995910,Backup
33,Willie Hampton,LB,Nebraska,7,15,0,0,795177636,Backup
33,Dylan Reynolds,WR,Nebraska,11,0,0,0,406745328,Backup
34,Drew Brown,PK,Nebraska,84,0,0,41,889858761,Starter
35,Caleb Lightbourn,P,Nebraska,50,0,0,0,489732720,Starter
35,Jeremiah Stovall,DB,Nebraska,5,11,0,0,958972443,Backup
36,Christian Banker,WR,Nebraska,12,0,0,0,844716503,Backup
36,Spencer Jordan,FB,Nebraska,1,2,0,0,742160671,Backup
36,Reid Karel,DB,Nebraska,4,8,0,0,857070191,Backup
37,Wyatt Mazour,RB,Nebraska,1,2,0,0,72942044,Backup
38,Damian Jackson,LB,Nebraska,13,34,0,0,787731393,Backup
38,Harrison Jordan,FB,Nebraska,13,37,2,0,244285723,Backup
39,Cole Frahm,PK,Nebraska,6,0,0,3,608467722,Backup
40,Grant Jordan,LB,Nebraska,20,52,0,0,679992375,Backup
40,Brandon Robbins,WR,Nebraska,14,0,0,0,914749042,Backup
41,Jose Marquez,DB,Nebraska,11,22,0,0,611014125,Backup
41,Luke McNitt,FB,Nebraska,70,190,17,0,231150335,Starter
42,Cody Liske,LB,Nebraska,20,43,0,0,567163963,Backup
43,Tyrin Ferguson,LB,Nebraska,19,46,0,0,26710422,Backup
43,Todd Honas,WR,Nebraska,6,0,0,0,434048391,Backup
44,Mick Stoltenberg,DL,Nebraska,62,58,0,0,260822667,Starter
45,Ty Chaffin,WR,Nebraska,12,0,0,0,375040515,Backup
45,A.J. Natter,DL,Nebraska,12,19,0,0,116882462,Backup
47,Branden Hohenstein,TE,Nebraska,8,6,0,0,516469341,Backup
47,Matt Jarzynka,DL,Nebraska,11,11,0,0,332709554,Backup
48,Erik Evans,DL,Nebraska,0,0,0,0,868510206,Backup
49,Austin Hemphill,FB,Nebraska,12,29,1,0,507934711,Backup
49,Chris Weber,LB,Nebraska,58,129,0,0,609933261,Starter
50,John Raridon,OL,Nebraska,20,43,0,0,65184713,Backup
51,Matt Watts,OL,Nebraska,11,23,1,0,965234496,Backup
52,Andrew Ward,LB,Nebraska,20,45,0,0,895829667,Backup
54,Jordan Ober,LS,Nebraska,58,0,0,0,631686356,Starter
55,Jordan Paup,DL,Nebraska,13,16,0,0,723339863,Backup
55,Chris Walker,OL,Nebraska,11,23,0,0,244563267,Backup
56,Boe Wilson,OL,Nebraska,18,31,0,0,870795572,Backup
57,Jacob Weinmaster,LB,Nebraska,8,19,0,0,480152430,Backup
58,Joel Lopez,DL,Nebraska,4,5,0,0,349529724,Backup
59,Jake Kitten,OL,Nebraska,11,22,0,0,766672375,Backup
61,Bryan Brokop,OL,Nebraska,17,26,0,0,231538866,Backup
62,Cole Conrad,OT,Nebraska,75,232,1,0,162659507,Starter
63,Tanner Farmer,OT,Nebraska,18,50,0,0,953016808,Backup
65,Christian Gaylord,OL,Nebraska,18,33,1,0,303429982,Backup
67,Jerald Foster,OL,Nebraska,72,110,0,0,357190176,Starter
68,Nick Gates,OL,Nebraska,74,141,0,0,79996822,Starter
70,Matt Sichterman,OL,Nebraska,3,6,0,0,309415825,Backup
71,Matt Farniok,OL,Nebraska,79,173,0,0,904412013,Starter
73,Broc Bando,OL,Nebraska,3,6,0,0,536632354,Backup
74,Jalin Barnett,OL,Nebraska,1,2,0,0,110437761,Backup
75,Fyn Anderson,DL,Nebraska,15,18,0,0,360109370,Backup
75,Trent Hixson,OL,Nebraska,15,30,0,0,248838105,Backup
76,Brenden Jaimes,OL,Nebraska,94,199,0,0,736772882,Starter
76,Hunter Miller,OL,Nebraska,18,39,0,0,486689379,Backup
76,Dylan Owen,DL,Nebraska,3,4,0,0,843911850,Backup
77,David Knevel,OL,Nebraska,16,35,1,0,703913177,Backup
79,Michael Decker,OL,Nebraska,9,16,0,0,476668328,Backup
80,Brett Classen,WR,Nebraska,18,0,0,0,402379538,Backup
81,Gabe Rahn,WR,Nebraska,17,0,0,0,201748318,Backup
82,Kurt Rafdal,TE,Nebraska,19,14,0,0,547455014,Backup
83,David Engelhaupt,TE,Nebraska,4,4,0,0,849004106,Backup
83,Bryan Reimers,WR,Nebraska,1,0,0,0,592579293,Backup
85,Matt Snyder,TE,Nebraska,17,15,0,0,837674902,Backup
86,Jack Stoll,TE,Nebraska,9,6,0,0,910251601,Backup
88,Tyler Hoppes,TE,Nebraska,84,66,0,0,502416113,Starter
89,Connor Ketter,TE,Nebraska,83,62,0,0,543393167,Starter
90,Ben Lingenfelter,DL,Nebraska,18,22,0,0,299807626,Backup
90,Jackson Walker,P,Nebraska,0,0,0,0,784040566,Backup
91,Freedom Akinmoladun,DL,Nebraska,73,76,0,0,861005123,Starter
92,Chase Urbach,LS,Nebraska,0,0,0,0,954111512,Backup
93,Damion Daniels,DT,Nebraska,17,28,0,0,852789030,Backup
94,Khalil Davis,DL,Nebraska,19,26,0,0,42158939,Backup
95,Kramer Rath,PK,Nebraska,19,0,0,9,878744862,Backup
95,Ben Stille,LB,Nebraska,6,14,0,0,815961923,Backup
96,Carlos Davis,DL,Nebraska,87,126,0,0,62573654,Starter
97,Deontre Thomas,DT,Nebraska,7,13,0,0,606313416,Backup
98,Isaac Armstrong,P,Nebraska,3,0,0,0,443907846,Backup
98,Collin Miller,LB,Nebraska,19,37,0,0,518151157,Backup
99,Peyton Newell,DL,Nebraska,19,22,0,0,247534064,Backup
1,Rodney Smith,RB,Minnesota,55,92,16,0,325236411,Starter
2,Jacob Huff,DB,Minnesota,9,22,0,0,246339905,Backup
3,Chris Autman-Bell,WR,Minnesota,4,0,0,0,129276951,Backup
3,Jerry Gibson,DL,Minnesota,2,2,0,0,352792389,Backup
4,Adekunle Ayinde,DB,Minnesota,64,145,0,0,63995042,Starter
5,Trenton Guthrie,LB,Minnesota,7,16,0,0,2280519,Backup
5,Melvin Holland Jr.,WR,Minnesota,7,0,0,0,121117024,Backup
6,Tyler Johnson,WR,Minnesota,87,0,7,0,921684439,Starter
6,Chris Williamson,DB,Minnesota,15,29,0,0,883216880,Backup
7,Ken Handy-Holly,DB,Minnesota,55,142,0,0,271965206,Starter
8,Duke McGhee,DB,Minnesota,96,228,0,0,962064027,Starter
8,Mark Williams,WR,Minnesota,76,0,0,0,741802100,Starter
9,Eric Carter,WR,Minnesota,53,0,0,0,238975962,Starter
11,Demry Croft,QB,Minnesota,13,11,0,0,78448743,Backup
11,Antoine Winfield Jr.,DB,Minnesota,3,6,0,0,554553531,Backup
12,Cody Poock,LB,Minnesota,2,4,0,0,769569390,Backup
13,Jonathan Celestin,LB,Minnesota,87,192,0,0,433093935,Starter
13,Tanner Morgan,QB,Minnesota,9,0,1,0,961247308,Backup
14,Zo Craighton,DB,Minnesota,20,43,0,0,510637736,Backup
14,Jaran Roste,QB,Minnesota,19,6,2,0,794871183,Backup
15,Conor Rhoda,QB,Minnesota,77,27,9,0,527746787,Starter
15,Everett Williams,LB,Minnesota,12,29,0,0,140448681,Backup
16,Coney Durr,DB,Minnesota,5,10,0,0,452948171,Backup
17,Rey Estes,QB,Minnesota,14,6,1,0,539795855,Backup
17,Seth Green,QB,Minnesota,16,9,0,0,776307875,Backup
18,Ryan Santoso,P,Minnesota,86,0,0,0,988546705,Starter
19,Clay Geary,WR,Minnesota,16,0,0,0,361324991,Backup
19,Gary Moore,DL,Minnesota,55,82,0,0,23203480,Starter
19,Samuel Pickerign,QB,Minnesota,3,0,0,0,349485724,Backup
19,Hunter Register,WR,Minnesota,10,0,0,0,320031172,Backup
20,Julian Huff,LB,Minnesota,2,4,0,0,22393888,Backup
21,Kamal Martin,LB,Minnesota,69,162,0,0,982621238,Starter
22,Kobe McCrary,RB,Minnesota,1,1,0,0,377635389,Backup
23,Adam Beck,DB,Minnesota,18,42,0,0,222048501,Backup
23,Shannon Brooks,RB,Minnesota,84,144,24,0,35090532,Starter
24,Drew Hmielewski,WR,Minnesota,52,0,5,0,363994292,Starter
25,Phillip Howard,WR,Minnesota,11,0,0,0,870632836,Backup
25,Payton Jordahl,LS,Minnesota,84,0,0,0,543837129,Starter
26,Justus Harris,DB,Minnesota,52,121,0,0,949836557,Starter
27,Paul Gossage,WR,Minnesota,17,0,1,0,111770926,Backup
27,Calvin Swenson,DB,Minnesota,4,8,0,0,41595753,Backup
28,Jonathan Femi-Cole,RB,Minnesota,19,34,4,0,894062660,Backup
29,Jack Leius,DB,Minnesota,12,26,0,0,713133399,Backup
30,Mohamed Ibrahim,RB,Minnesota,4,8,1,0,555790095,Backup
30,Jon Santaga,DB,Minnesota,3,6,0,0,253916082,Backup
31,Dominik London,RB,Minnesota,19,29,5,0,173503771,Backup
31,Kiondre Thomas,DB,Minnesota,3,6,0,0,171555267,Backup
33,Mike Delich,RB,Minnesota,18,32,3,0,294597785,Backup
33,Grant Ryerse,PK,Minnesota,11,0,0,5,724398254,Backup
34,Logan McElfresh,P,Minnesota,20,0,0,0,588569137,Backup
34,Antonio Shenault,DB,Minnesota,11,23,0,0,943343850,Backup
35,Jaylen Waters,LB,Minnesota,16,37,0,0,948672479,Backup
36,Blake Cashman,LB,Minnesota,17,37,0,0,867619767,Backup
36,Casey O'Brien,LS,Minnesota,2,0,0,0,363884594,Backup
37,John Mack,PK,Minnesota,18,0,0,9,86893813,Backup
38,Emmit Carpenter,PK,Minnesota,70,0,0,35,513998571,Starter
39,Trey Hansen,LS,Minnesota,1,0,0,0,45379896,Backup
40,Nathan Bursch,OL,Minnesota,3,4,0,0,996249360,Backup
40,Alex Strazzanti,DB,Minnesota,19,38,0,0,672728092,Backup
41,Thomas Barber,LB,Minnesota,60,166,0,0,224022726,Starter
42,Justin Juenemann,PK,Minnesota,19,0,0,8,569279151,Backup
42,Ko Kieft,TE,Minnesota,16,11,0,0,815703142,Backup
43,Bailey Schoenfelder,LB,Minnesota,2,3,0,0,243960192,Backup
44,Colton Beebe,TE,Minnesota,10,3,0,0,519516485,Backup
44,Tommy Fuller,DB,Minnesota,18,39,0,0,506244769,Backup
45,Carter Coughlin,LB,Minnesota,90,218,0,0,168715015,Starter
46,Winston DeLattiboudere,DL,Minnesota,11,16,0,0,325585621,Backup
47,Jacob Herbers,P,Minnesota,57,0,0,0,957780856,Starter
49,Jake Paulson,TE,Minnesota,5,3,0,0,423594553,Backup
50,Danny Anderson,LB,Minnesota,7,16,0,0,499034036,Backup
52,Austin Schirck,DL,Minnesota,17,23,0,0,725345906,Backup
53,Vincent Magana,OL,Minnesota,10,20,0,0,487899296,Backup
55,Eric Rousemiller,OL,Minnesota,18,39,0,0,315977500,Backup
57,Joe Russell,LB,Minnesota,13,28,0,0,175017162,Backup
58,Quinn Oseland,OL,Minnesota,2,4,0,0,730887831,Backup
59,Connor Novak-Goar,DL,Minnesota,20,21,0,0,265247193,Backup
60,John Michael Schmitz,OL,Minnesota,9,17,0,0,719570626,Backup
61,Bronson Dovich,OL,Minnesota,4,6,0,0,278406881,Backup
62,Jared Weyler,OL,Minnesota,68,174,0,0,645450509,Starter
64,Conner Olson,OL,Minnesota,96,157,0,0,690786547,Starter
65,Axel Ruschmeyer,OL,Minnesota,0,0,0,0,67069318,Backup
69,Boye Mafe,DL,Minnesota,5,6,0,0,971155034,Backup
70,Sam Schlueter,OL,Minnesota,77,135,3,0,757741365,Starter
71,Ben Davis,OL,Minnesota,5,9,0,0,868165688,Backup
73,Donnell Greene,OL,Minnesota,78,123,0,0,400810803,Starter
74,Nick Connelly,OL,Minnesota,16,36,0,0,386131244,Backup
75,Noah Kuehn,OL,Minnesota,6,11,0,0,393980044,Backup
75,Malcolm Robinson,DL,Minnesota,15,19,0,0,906139949,Backup
75,Kyle Sassack,OL,Minnesota,9,18,0,0,992982465,Backup
76,Vincent Calhoun,OL,Minnesota,15,37,0,0,164020747,Backup
77,Blaise Andries,OL,Minnesota,0,0,0,0,884191038,Backup
78,Garrison Wright,OL,Minnesota,65,124,3,0,328146130,Starter
80,Nate Wozniak,TE,Minnesota,71,38,0,0,698410135,Starter
81,Brock Annexstad,WR,Minnesota,1,0,0,0,179550426,Backup
82,Demetrius Douglas,WR,Minnesota,19,0,0,0,889007705,Backup
83,Harry Van Dyne,WR,Minnesota,14,0,0,0,413410240,Backup
84,Will Reger,WR,Minnesota,15,0,1,0,561314126,Backup
85,Bryce Witham,TE,Minnesota,0,0,0,0,718977207,Backup
86,Brandon Lingen,TE,Minnesota,8,2,0,0,561322940,Backup
87,Yale Van Dyne,WR,Minnesota,12,0,1,0,370622908,Backup
88,Rashad Still,WR,Minnesota,12,0,0,0,861885262,Backup
89,Matt Morse,WR,Minnesota,18,0,2,0,26805097,Backup
89,Nate Umlor,TE,Minnesota,91,56,0,0,539090516,Starter
90,Sam Renner,DL,Minnesota,20,24,0,0,664006544,Backup
91,Noah Hickcox,DL,Minnesota,17,16,0,0,275255123,Backup
92,Tai'yon Devers,DL,Minnesota,9,6,0,0,888994257,Backup
93,Merrick Jackson,DL,Minnesota,11,14,0,0,193415692,Backup
94,Quinn Coughlin,DL,Minnesota,14,18,0,0,860426521,Backup
95,Esezi Otomewo,DL,Minnesota,17,19,0,0,120147472,Backup
96,Steven Richardson,DL,Minnesota,70,87,0,0,884024269,Starter
97,Royal Silver,DL,Minnesota,12,14,0,0,660978587,Backup
98,O.J. Smith,DL,Minnesota,15,16,0,0,377563408,Backup
98,Clayton Witherspoon,TE,Minnesota,17,9,0,0,793668326,Backup
99,Andrew Stelter,DL,Minnesota,11,15,0,0,969606050,Backup
1,Johnnie Dixon,WR,Ohio State,66,0,5,0,702146136,Starter
1,Jeffrey Okudah,CB,Ohio State,19,18,0,0,511030315,Backup
2,J.K. Dobbins,RB,Ohio State,19,36,5,0,793814262,Backup
2,Chase Young,DE,Ohio State,2,3,0,0,408785585,Backup
3,Damon Arnette,CB,Ohio State,90,95,0,0,712362499,Starter
4,Jordan Fuller,CB,Ohio State,52,63,0,0,775062476,Starter
5,Baron Browning,LB,Ohio State,17,35,0,0,494030090,Backup
6,Kory Curtis,QB,Ohio State,15,7,2,0,852247316,Backup
6,Sam Hubbard,DE,Ohio State,88,147,0,0,915508835,Starter
7,Dwayne Haskins,QB,Ohio State,5,2,0,0,544885842,Backup
7,Damon Webb,S,Ohio State,51,80,0,0,347478986,Starter
8,Trevon Grimes,WR,Ohio State,13,0,0,0,451309175,Backup
8,Kendall Sheffield,CB,Ohio State,15,16,0,0,348255512,Backup
9,Jashon Cornell,DT,Ohio State,3,4,0,0,838030686,Backup
9,Binjimen Victor,WR,Ohio State,11,0,0,0,811280455,Backup
10,Joe Burrow,QB,Ohio State,6,4,0,0,392987288,Backup
10,Amir Riep,CB,Ohio State,19,18,0,0,577364333,Backup
11,Jalyn Holmes,DE,Ohio State,17,30,0,0,359515362,Backup
11,Austin Mack,WR,Ohio State,67,0,1,0,332562661,Starter
12,Denzel Ward,CB,Ohio State,55,48,0,0,238192825,Starter
13,Rashod Berry,TE,Ohio State,3,1,0,0,719823618,Backup
13,Trevon Forte,CB,Ohio State,12,8,0,0,873828033,Backup
14,K.J. Hill,WR,Ohio State,100,0,5,0,996941966,Starter
14,Isaiah Pryor,S,Ohio State,2,3,0,0,616236331,Backup
15,Wayne Davis,DB,Ohio State,9,20,0,0,563127728,Backup
15,Jaylen Harris,WR,Ohio State,8,0,0,0,235034262,Backup
16,J.T. Barrett,QB,Ohio State,98,47,3,0,789084265,Starter
16,Keandre Jones,LB,Ohio State,17,34,0,0,392756851,Backup
17,Jerome Baker,LB,Ohio State,65,172,0,0,118704878,Starter
18,Jonathon Cooper,DL,Ohio State,14,16,0,0,775757623,Backup
18,Tate Martell,QB,Ohio State,10,5,0,0,723640742,Backup
19,Eric Glover-Williams,WR,Ohio State,10,0,0,0,955702078,Backup
19,Elijaah Goins,WR,Ohio State,20,0,0,0,618786975,Backup
19,Jake Metzer,P,Ohio State,20,0,0,0,473046143,Backup
20,Pete Werner,LB,Ohio State,7,15,0,0,763932125,Backup
21,Parris Campbell,WR,Ohio State,88,0,0,0,39700256,Starter
21,Marcus Williamson,CB,Ohio State,4,3,0,0,843327095,Backup
23,Michael Hartway,WR,Ohio State,4,0,0,0,660511476,Backup
23,Jahsen Wint,S,Ohio State,19,27,0,0,551225430,Backup
24,Kierre Hawkins,TE,Ohio State,4,2,0,0,671266062,Backup
24,Shaun Wade,CB,Ohio State,74,78,0,0,538290679,Starter
25,Mike Weber,RB,Ohio State,77,144,19,0,110201356,Starter
25,Brendon White,S,Ohio State,2,3,0,0,701700707,Backup
26,Antonio Williams,RB,Ohio State,9,17,2,0,11430382,Backup
28,Jack Hamilton,DB,Ohio State,18,39,0,0,492831932,Backup
28,Jordan Leasure,RB,Ohio State,1,1,0,0,487910774,Backup
29,Kevin Dever,S,Ohio State,5,9,0,0,535481828,Backup
30,Jared Drake,LB,Ohio State,19,33,0,0,541264983,Backup
30,Demario McCall,RB,Ohio State,4,7,1,0,985121026,Backup
32,Tuf Borland,LB,Ohio State,12,25,0,0,753836720,Backup
32,Jeremiah Knight,RB,Ohio State,8,13,2,0,219352640,Backup
33,Dante Booker,LB,Ohio State,88,207,0,0,645825960,Starter
33,Garyn Prater,WR,Ohio State,0,0,0,0,386379259,Backup
34,Mitch Rossi,RB,Ohio State,10,18,3,0,85126576,Backup
34,Erick Smith,S,Ohio State,20,34,0,0,806502417,Backup
35,Alex Backenstoe,LB,Ohio State,13,29,0,0,878617478,Backup
35,Chris Worley,LB,Ohio State,73,139,0,0,469251422,Starter
36,Zach Turnure,LB,Ohio State,12,27,0,0,852348479,Backup
37,Derrick Malone,TE,Ohio State,3,1,0,0,436254319,Backup
39,Malik Harrison,LB,Ohio State,18,47,0,0,764808420,Backup
41,Hayden Jester,LB,Ohio State,6,12,0,0,559076930,Backup
43,Nick Conner,LB,Ohio State,0,0,0,0,978772115,Backup
46,Cin'Quan Haney,CB,Ohio State,13,9,0,0,977085550,Backup
47,Justin Hilliard,LB,Ohio State,18,39,0,0,299262034,Backup
48,Clay Raterman,S,Ohio State,16,31,0,0,26636231,Backup
49,Liam McCullough,LS,Ohio State,57,0,0,0,796152494,Starter
50,Nathan Brock,OL,Ohio State,3,7,0,0,531179957,Backup
51,Nick Seme,DL,Ohio State,8,9,0,0,119595406,Backup
52,Wyatt Davis,OL,Ohio State,20,40,0,0,936991227,Backup
53,Davon Hamilton,DT,Ohio State,17,30,0,0,282594611,Backup
54,Billy Price,OL,Ohio State,71,131,1,0,426559502,Starter
55,Malik Barrow,DT,Ohio State,5,8,0,0,926203626,Backup
56,Aaron Cox,DL,Ohio State,17,17,0,0,561975621,Backup
58,Joshua Alabi,OL,Ohio State,6,13,0,0,843124891,Backup
59,Tyquan Lewis,DL,Ohio State,2,2,0,0,235060724,Backup
59,Isaiah Prince,OL,Ohio State,84,163,6,0,381719188,Starter
60,Blake Pfenning,OL,Ohio State,19,36,0,0,483474166,Backup
61,Gavin Cupp,OL,Ohio State,7,16,0,0,406168238,Backup
62,Brandon Pahl,OL,Ohio State,8,15,0,0,836230281,Backup
63,Kevin Woidke,OL,Ohio State,10,17,0,0,548006604,Backup
64,Jack Wohlabaugh,OL,Ohio State,10,13,0,0,401337430,Backup
66,Malcolm Pridgeon,OL,Ohio State,18,36,0,0,816736803,Backup
67,Robert Landers,DL,Ohio State,14,12,0,0,597222708,Backup
69,Matthew Burrell,OL,Ohio State,1,2,0,0,415593267,Backup
70,Noah Donald,DL,Ohio State,2,2,0,0,729113007,Backup
71,Josh Myers,OL,Ohio State,5,10,0,0,539603958,Backup
73,Michael Jordan,OL,Ohio State,54,123,0,0,241872483,Starter
74,Jamarco Jones,OL,Ohio State,96,206,0,0,397375618,Starter
75,Thayer Munford,OL,Ohio State,1,1,0,0,413714546,Backup
76,Branden Bowen,OL,Ohio State,2,3,0,0,100922625,Backup
77,Kevin Feder,OL,Ohio State,7,14,0,0,942177954,Backup
77,Michael Hill,DT,Ohio State,9,13,0,0,570679443,Backup
78,Demetrius Knox,OL,Ohio State,90,173,3,0,769150089,Starter
79,Brady Taylor,OL,Ohio State,7,13,0,0,570394871,Backup
80,C.J. Saunders,WR,Ohio State,19,0,0,0,538076414,Backup
81,Jake Hausmann,TE,Ohio State,12,12,0,0,604288627,Backup
83,Terry McLaurin,WR,Ohio State,17,0,1,0,998835039,Backup
84,Brock Davin,TE,Ohio State,11,8,0,0,146287944,Backup
85,Marcus Baugh,TE,Ohio State,86,87,0,0,539294616,Starter
86,Dre'Mont Jones,DL,Ohio State,55,64,0,0,640067862,Starter
87,Ellijah Gardiner,WR,Ohio State,4,0,0,0,810324718,Backup
88,A.J. Alexander,TE,Ohio State,11,6,0,0,183322825,Backup
89,Luke Farrell,TE,Ohio State,6,5,0,0,500609193,Backup
90,Bryan Kristan,PK,Ohio State,14,0,0,7,721669264,Backup
91,Drue Chrisman,P,Ohio State,61,0,0,0,974835728,Starter
92,Haskell Garrett,DL,Ohio State,17,17,0,0,633109147,Backup
93,Tracy Sprinkle,DL,Ohio State,72,67,0,0,625375682,Starter
94,Dylan Thompson,DL,Ohio State,11,10,0,0,174974131,Backup
95,Blake Haubeil,PK,Ohio State,18,0,0,8,5229437,Backup
96,Sean Nuernberger,PK,Ohio State,61,0,0,33,595392833,Starter
97,Nick Bosa,DL,Ohio State,4,4,0,0,945774840,Backup
98,Jerron Cage,DL,Ohio State,5,4,0,0,243599670,Backup
1,Wes Dvorak,DB,Iowa,0,0,0,0,65275057,Backup
2,Brandon Bishop,WR,Iowa,5,0,0,0,847243503,Backup
2,Ryan Gersonde,P,Iowa,73,0,0,0,820332026,Starter
2,Peyton Mansell,QB,Iowa,16,4,2,0,620235543,Backup
3,Trey Creamer,DB,Iowa,18,38,0,0,916512496,Backup
3,Keith Duncan,PK,Iowa,13,0,0,6,630848850,Backup
4,Nathan Stanley,QB,Iowa,91,50,17,0,23861557,Starter
4,Josh Turner,DB,Iowa,2,3,0,0,914444110,Backup
5,Manny Rugamba,DB,Iowa,64,139,0,0,646699866,Starter
6,Max Duchow,DB,Iowa,17,36,0,0,738560186,Backup
6,Ihmir Smith-Marsette,WR,Iowa,6,0,0,0,433473786,Backup
7,Tom Herion,QB,Iowa,8,3,0,0,785360922,Backup
7,Colten Rastetter,P,Iowa,70,0,0,0,306020559,Starter
8,Matt Hankins,DB,Iowa,13,27,0,0,867147550,Backup
8,Tyler Wiegers,QB,Iowa,17,5,2,0,256745360,Backup
9,Geno Stone,DB,Iowa,16,32,0,0,554427103,Backup
10,Camron Harrell,DB,Iowa,17,34,0,0,929713874,Backup
11,Ryan Boyle,WR,Iowa,17,0,1,0,309900602,Backup
11,Michael Ojemudia,DB,Iowa,9,17,0,0,384699,Backup
12,Brandon Smith,WR,Iowa,11,0,0,0,137804117,Backup
13,Henry Marchese,WR,Iowa,18,0,0,0,23062180,Backup
14,Kyle Groeneweg,WR,Iowa,7,0,0,0,548105003,Backup
15,Joshua Jackson,DB,Iowa,69,150,0,0,883069547,Starter
16,Kyshaun Bryan,RB,Iowa,12,22,4,0,638010447,Backup
17,Cedric Boswell,DB,Iowa,19,42,0,0,575560758,Backup
17,Ryan Schmidt,QB,Iowa,20,14,2,0,599729688,Backup
18,Drew Cook,TE,Iowa,1,0,0,0,168386651,Backup
18,John Milani,DB,Iowa,5,10,0,0,837484487,Backup
19,Max Cooper,WR,Iowa,17,0,1,0,334439766,Backup
19,Miles Taylor,DB,Iowa,3,6,0,0,630593379,Backup
20,James Butler,RB,Iowa,15,22,2,0,352529837,Backup
21,Ivory Kelly-Martin,RB,Iowa,77,145,13,0,712693174,Starter
22,Toks Akinribade,RB,Iowa,12,21,3,0,602940393,Backup
23,Dominique Dafney,WR,Iowa,2,0,0,0,893575241,Backup
25,Akrum Wadley,RB,Iowa,94,148,37,0,63368723,Starter
26,Marcel Joly,RB,Iowa,1,1,0,0,196759989,Backup
26,Kevin Ward,LB,Iowa,7,16,0,0,615555201,Backup
27,Amani Hooker,DB,Iowa,51,119,0,0,294757491,Starter
28,Jack Koerner,DB,Iowa,3,6,0,0,572415235,Backup
28,Toren Young,RB,Iowa,3,4,1,0,956021117,Backup
29,Nate Wieland,LB,Iowa,17,38,0,0,214001908,Backup
30,Jake Gervase,DB,Iowa,70,128,0,0,725545794,Starter
31,Aaron Mends,LB,Iowa,10,22,0,0,980343896,Backup
32,Djimon Colbert,DB,Iowa,2,5,0,0,654369286,Backup
33,Noah Clayberg,DB,Iowa,14,31,0,0,233164930,Backup
34,Kristian Welch,LB,Iowa,9,20,0,0,446017464,Backup
35,Barrington Wade,LB,Iowa,16,38,0,0,858425049,Backup
36,Brady Ross,FB,Iowa,7,15,0,0,440990513,Backup
37,Brandon Snyder,DB,Iowa,7,14,0,0,131562623,Backup
38,T.J. Hockenson,TE,Iowa,60,20,0,0,97051285,Starter
39,Nate Wieting,TE,Iowa,18,8,0,0,846710973,Backup
40,Parker Hesse,DE,Iowa,77,124,0,0,338175001,Starter
41,Bo Bower,LB,Iowa,98,224,0,0,652827690,Starter
41,Drew Thomas,WR,Iowa,0,0,0,0,753102544,Backup
42,Shaun Beyer,TE,Iowa,7,6,0,0,502618130,Backup
42,Joe Ludwig,LB,Iowa,8,17,0,0,821751770,Backup
43,Keegan Glaus,LB,Iowa,9,19,0,0,262898823,Backup
43,Josey Jewell,LB,Iowa,53,115,0,0,134006006,Starter
44,Ben Niemann,LB,Iowa,67,173,0,0,887037728,Starter
45,Ben Campos,LB,Iowa,1,2,0,0,146613649,Backup
45,Drake Kulick,FB,Iowa,95,259,15,0,613973353,Starter
46,Austin Kelly,FB,Iowa,7,18,0,0,456211689,Backup
46,Tommy Kujawa,TE,Iowa,6,2,0,0,772826670,Backup
47,Lane Akre,FB,Iowa,14,30,3,0,298109382,Backup
48,Jack Hockaday,LB,Iowa,14,34,0,0,969088771,Backup
48,Bryce Schulte,TE,Iowa,4,2,0,0,626070336,Backup
49,Nick Niemann,LB,Iowa,12,27,0,0,985742814,Backup
50,Jacob Sobotka,LB,Iowa,17,44,0,0,262577433,Backup
50,Jackson Subbert,LS,Iowa,0,0,0,0,96902485,Backup
51,Will Anthony,DL,Iowa,15,21,0,0,640979379,Backup
52,Amani Jones,LB,Iowa,0,0,0,0,219468666,Backup
52,Boone Myers,OL,Iowa,3,7,0,0,380176609,Backup
53,Garret Jansen,DL,Iowa,19,18,0,0,919956258,Backup
55,Kyle Taylor,LB,Iowa,7,15,0,0,870643782,Backup
57,Chauncey Golston,DE,Iowa,18,19,0,0,598707302,Backup
58,Jake Newborg,DL,Iowa,10,12,0,0,955663997,Backup
59,Ross Reynolds,OL,Iowa,7,14,0,0,175692613,Backup
61,Cole Banwart,OL,Iowa,14,26,0,0,903946217,Backup
63,Spencer Williams,OL,Iowa,15,30,1,0,285201317,Backup
64,Kyler Schott,OL,Iowa,7,13,0,0,247904937,Backup
65,Marshall Coluzzi,LS,Iowa,19,0,0,0,582720625,Backup
66,Dalles Jacobus,DL,Iowa,17,18,0,0,555267203,Backup
66,Levi Paulsen,OL,Iowa,16,27,1,0,987005549,Backup
67,Levi Duwa,DE,Iowa,5,3,0,0,775659115,Backup
68,Landan Paulsen,OL,Iowa,17,35,0,0,970144154,Backup
69,Keegan Render,OL,Iowa,85,165,5,0,510546262,Starter
70,Lucas LeGrand,OL,Iowa,4,6,0,0,300924458,Backup
71,Mark Kallenberger,OL,Iowa,17,29,0,0,939346026,Backup
72,Coy Kirkpatrick,OL,Iowa,18,34,0,0,55633366,Backup
74,Austin Schulte,DE,Iowa,1,1,0,0,558623771,Backup
74,Tristan Wirfs,OL,Iowa,99,190,0,0,823420566,Starter
75,Ike Boettger,OL,Iowa,15,31,0,0,594328893,Backup
76,Dalton Ferguson,OL,Iowa,11,19,0,0,137948589,Backup
77,Daniel Gaffey,DL,Iowa,14,12,0,0,259530112,Backup
77,Alaric Jackson,OL,Iowa,64,117,0,0,569999239,Starter
78,James Daniels,OL,Iowa,67,132,0,0,322691884,Starter
79,Sean Welsh,OL,Iowa,100,212,0,0,354718909,Starter
80,Devonte Young,WR,Iowa,4,0,0,0,445020726,Backup
81,Kyle Connelly,WR,Iowa,6,0,0,0,134596649,Backup
81,Jon Wisnieski,TE,Iowa,15,12,0,0,843182077,Backup
82,Adrian Falconer,WR,Iowa,13,0,0,0,665480448,Backup
82,Jack Kallenberger,DE,Iowa,3,5,0,0,255119,Backup
83,Matt Quarells,WR,Iowa,13,0,0,0,164017320,Backup
84,Nick Easley,WR,Iowa,58,0,5,0,19417127,Starter
84,Austin Spiewak,LS,Iowa,16,0,0,0,307048561,Backup
85,Nate Vejvoda,TE,Iowa,17,7,0,0,12870538,Backup
86,Peter Pekar,TE,Iowa,19,15,0,0,589797960,Backup
87,Noah Fant,TE,Iowa,72,58,0,0,242855903,Starter
88,Jacob Coons,TE,Iowa,4,3,0,0,622159511,Backup
88,Jake Hulett,DL,Iowa,3,2,0,0,730713896,Backup
89,Matt VandeBerg,WR,Iowa,99,0,1,0,52852224,Starter
90,Sam Brincks,DE,Iowa,12,15,0,0,673011568,Backup
91,Miguel Recinos,PK,Iowa,79,0,0,41,796067511,Starter
91,Brady Reiff,DL,Iowa,12,14,0,0,238992055,Backup
93,Brandon Simon,DE,Iowa,7,12,0,0,237923461,Backup
94,A.J. Epenesa,DE,Iowa,20,30,0,0,615324849,Backup
94,Caleb Shudak,PK,Iowa,6,0,0,3,999462532,Backup
95,Cedrick Lattimore,DL,Iowa,15,20,0,0,222190826,Backup
96,Matt Nelson,DE,Iowa,59,76,0,0,607815698,Starter
97,Tyler Kluver,LS,Iowa,90,0,0,0,337221060,Starter
97,Romeo McKnight,DE,Iowa,3,5,0,0,439031328,Backup
98,Anthony Nelson,DE,Iowa,97,112,0,0,134492476,Starter
99,Nathan Bazata,DL,Iowa,61,88,0,0,379311779,Starter
